country_name,year,rate,air_pollution,alcohol_use,gdp_per_capita,uhc_index,obesity_rate,tobacco_use
Argentina,2003,5.055149385063688e-06,16.6435724137411,5.4,3320.47775133903,76.63636363636364,20.0,28.508333333333336
Argentina,2004,5.834681766872574e-06,16.3426626515998,5.5,4242.02099089422,76.63636363636364,20.7,28.508333333333336
Argentina,2005,5.007904998287391e-06,16.0193994250859,5.7,5067.65342293276,74.0,21.3,31.5
Argentina,2006,4.960660611511096e-06,15.5877675221277,6.2,5869.38028970204,76.63636363636364,22.0,28.508333333333336
Argentina,2007,5.433104479274057e-06,15.0427292384364,6.6,7185.25155147027,76.63636363636364,22.6,30.5
Argentina,2008,5.173260352004428e-06,14.5043652786628,6.8,8944.1102657357,76.63636363636364,23.3,28.508333333333336
Argentina,2009,5.598459832991093e-06,14.0927563474575,7.0,8150.23527028221,76.63636363636364,24.1,28.508333333333336
Argentina,2010,6.350345958818663e-06,13.9279831494715,7.3,10260.1313108254,76.0,24.8,29.0
Argentina,2011,5.622082026379241e-06,14.2389306717038,7.7,12704.2831819684,76.63636363636364,25.6,28.508333333333336
Argentina,2012,5.220504738780724e-06,13.3571618542264,8.0,12949.717486654,76.63636363636364,26.4,28.508333333333336
Argentina,2013,5.716570799931834e-06,14.7643699932772,8.1,12963.675773326,76.63636363636364,27.2,28.508333333333336
Argentina,2014,5.645704219767389e-06,13.9500593062949,8.2,12233.1444119186,76.63636363636364,28.1,28.508333333333336
Argentina,2015,5.733167518415778e-06,14.6245514656634,8.2,13679.6264980954,80.0,29.0,26.6
Argentina,2016,4.937038418122947e-06,14.2700594540808,8.2,12699.9623137756,76.63636363636364,30.0,28.508333333333336
Argentina,2017,5.669326413155537e-06,13.9690174802422,7.9,14532.5009308511,79.0,30.9,28.508333333333336
Australia,2000,0.0002846256457644,7.45743282688833,9.8,21870.4159669594,81.0,20.2,24.5
Australia,2001,0.0002372740607601,7.38895346175728,9.8,19695.7297379144,84.83333333333333,20.9,18.47692307692308
Australia,2002,0.0002376265570435,7.26633772021658,9.8,20301.8431713256,84.83333333333333,21.6,18.47692307692308
Australia,2003,0.0002263907380103,7.13120227271499,9.9,23718.1338501868,84.83333333333333,22.3,18.47692307692308
Australia,2004,0.0002518145324501,7.02516378970128,10.0,30836.7306824685,84.83333333333333,22.9,18.47692307692308
Australia,2005,0.0002557360536029,6.98983894162423,10.2,34479.7679298388,83.0,23.5,21.2
Australia,2006,0.0002568816665239,7.04814950445881,10.4,36595.7071548423,84.83333333333333,24.0,18.47692307692308
Australia,2007,0.0002613319321018,7.16629810836131,10.5,41051.6120652288,84.83333333333333,24.6,20.0
Australia,2008,0.0002706730836118,7.30082270505242,10.6,49701.2817843335,84.83333333333333,25.1,18.47692307692308
Australia,2009,0.0002781195675985,7.40826124625286,10.6,42816.5674002829,84.83333333333333,25.5,18.47692307692308
Australia,2010,0.0002892025711416,7.44515168368333,10.5,52144.6654705468,84.0,26.0,18.4
Australia,2011,0.0002840679423808,7.32070663499973,10.3,62605.600458306,84.83333333333333,26.4,18.47692307692308
Australia,2012,0.0002991371584959,7.53280029437137,10.1,68072.8732340801,84.83333333333333,26.8,18.47692307692308
Australia,2013,0.0002929244115011,7.4331406197536,10.0,68190.7010035651,84.83333333333333,27.3,18.47692307692308
Australia,2014,0.0003073767591203,7.38760302103561,9.9,62544.0873773726,84.83333333333333,27.7,18.47692307692308
Australia,2015,0.0003044890067419,7.18466162026884,9.8,56739.0265346593,87.0,28.2,15.9
Australia,2016,0.0003274690472738,7.20069562395068,9.7,49888.0410842736,84.83333333333333,28.7,18.47692307692308
Australia,2017,0.0003412604643616,7.4285359593217,9.6,53901.7145392154,87.0,29.1,18.47692307692308
Austria,2000,0.000354413022625,19.150573887216,12.5,24487.2974685956,70.0,13.0,52.5
Austria,2001,0.0003164466051599,18.9470662603211,12.5,24430.495982841,80.08333333333333,13.3,37.76923076923077
Austria,2002,0.000320807321879,18.7785099320798,12.3,26334.862215032,80.08333333333333,13.6,37.76923076923077
Austria,2003,0.0003378966171298,18.6169292381771,12.2,32110.1159661425,80.08333333333333,13.9,37.76923076923077
Austria,2004,0.0003457930501077,18.4343485142981,12.2,36614.2506533707,80.08333333333333,14.2,37.76923076923077
Austria,2005,0.0003350680441227,18.2027920961277,12.3,38157.37022862,77.0,14.5,44.4
Austria,2006,0.000339075189216,17.8024706211736,12.4,40382.2078298575,80.08333333333333,14.7,37.76923076923077
Austria,2007,0.000361114487229,17.2316229771279,12.3,46622.9622913635,80.08333333333333,14.9,41.3
Austria,2008,0.0003745502090123,16.6393158749523,12.1,51581.3982361071,80.08333333333333,15.1,37.76923076923077
Austria,2009,0.0003846859289542,16.1746160256084,11.9,47857.4446635266,80.08333333333333,15.2,37.76923076923077
Austria,2010,0.0003846784383609,15.9865901400578,11.9,46611.1393420232,81.0,15.4,37.2
Austria,2011,0.0003939966484356,16.3676317593698,12.0,51116.8953522042,80.08333333333333,15.5,37.76923076923077
Austria,2012,0.0004207502347936,14.7199011900978,12.0,48250.4059142637,80.08333333333333,15.5,37.76923076923077
Austria,2013,0.0004148573743623,14.6599487004805,12.2,50305.3545774973,80.08333333333333,15.6,37.76923076923077
Austria,2014,0.0004392538165478,12.9541454673827,12.0,51314.9722616322,80.08333333333333,15.7,37.76923076923077
Austria,2015,0.000422798195089,13.5999635409,11.9,43915.228020857,84.0,15.8,31.5
Austria,2016,0.0004353645286632,12.5143795701306,11.6,45061.4993920192,80.08333333333333,15.9,37.76923076923077
Austria,2017,0.0004145038027364,12.1557592255042,11.6,47163.7425775142,84.0,16.1,37.76923076923077
Belarus,2000,0.0003711798674067,27.8003375928239,11.8,1276.28038121269,53.0,20.3,42.8
Belarus,2001,0.0003818647875294,26.825169286119,11.8,1244.37318523431,67.2,20.7,38.06
Belarus,2002,0.0003638780364894,25.3708864392258,11.2,1479.38066337175,67.2,21.0,38.06
Belarus,2003,0.0003729724611726,23.8005944482748,11.7,1819.52653114699,67.2,21.3,38.06
Belarus,2004,0.0003638780364894,22.4773987093966,11.5,2378.33700470129,67.2,21.7,38.06
Belarus,2005,0.0003431629580444,21.764404618722,12.0,3126.07176665248,59.0,22.0,39.5
Belarus,2006,0.0003430619088813,21.555661490259,12.6,3848.22350300163,67.2,22.3,38.06
Belarus,2007,0.0003485185636912,21.449293067481,13.8,4735.48107556066,67.2,22.6,38.2
Belarus,2008,0.0003555920051114,21.364516390716,14.2,6376.17569162063,67.2,23.0,38.06
Belarus,2009,0.0003510447927698,21.220548500292,14.4,5352.48809190697,67.2,23.3,38.06
Belarus,2010,0.0003689078693186,20.9366064365372,14.3,6034.67885177216,70.0,23.6,36.4
Belarus,2011,0.0003447797446548,18.6953550823705,14.2,6527.6593428786,67.2,23.8,38.06
Belarus,2012,0.0003335632875455,18.0675396231787,13.5,6953.21591683101,67.2,24.1,38.06
Belarus,2013,0.000329723419346,18.9735248940446,12.5,7998.0802045456,67.2,24.4,38.06
Belarus,2014,0.0003610486599213,19.3974713758219,11.2,8341.29014337961,67.2,24.7,38.06
Belarus,2015,0.0003682243042679,17.6059281150121,10.3,5967.06856034227,76.0,24.9,33.4
Belarus,2016,0.0003586234800058,15.8319434819688,9.8,5039.77560949445,67.2,25.2,38.06
Belarus,2017,0.0003804500992454,15.7775132293532,9.9,5785.53397723676,78.0,25.5,38.06
Canada,2000,0.0002914287645535,9.79565640755295,7.7,24271.0020563821,74.0,20.9,28.7
Canada,2001,0.000256397732963,9.76086476457905,7.7,23822.096210932,84.5,21.5,19.638461538461534
Canada,2002,0.0002563399922282,9.72810868247048,7.7,24256.0192337185,84.5,22.0,19.638461538461534
Canada,2003,0.0002559646774519,9.69060887185911,7.8,28301.8645937428,84.5,22.6,19.638461538461534
Canada,2004,0.00026133456579,9.64158604337681,7.8,32145.5412620217,84.5,23.1,19.638461538461534
Canada,2005,0.0002695337501343,9.57426090765544,8.0,36383.6600068095,79.0,23.5,23.5
Canada,2006,0.0002733157682649,9.40182085213359,8.1,40504.0370977806,84.5,24.0,19.638461538461534
Canada,2007,0.0002750479903095,9.08026235211045,8.2,44660.0838892281,84.5,24.4,21.6
Canada,2008,0.0002751634717791,8.66701975000882,8.3,46710.2526864484,84.5,24.7,19.638461538461534
Canada,2009,0.0002828718598774,8.21952738825148,8.4,40874.8831932903,84.5,25.0,19.638461538461534
Canada,2010,0.0002870441874332,7.79521960926122,8.3,47560.6666009406,83.0,25.3,19.3
Canada,2011,0.0002858166373532,7.37287638245787,8.3,52223.8588398531,84.5,25.5,19.638461538461534
Canada,2012,0.0002971049510103,7.58558915249491,8.3,52670.3447335415,84.5,25.7,19.638461538461534
Canada,2013,0.0003144271714559,7.26096632331949,8.2,52638.1187235237,84.5,25.9,19.638461538461534
Canada,2014,0.0003239543927011,7.38092988336422,8.1,50960.8431174661,84.5,26.0,19.638461538461534
Canada,2015,0.0003121280832828,7.11576183142395,8.1,43594.1941045394,90.0,26.2,15.8
Canada,2016,0.0003254556518063,6.40675155079521,8.1,42314.0615817218,84.5,26.4,19.638461538461534
Canada,2017,0.0003302192624289,7.04492025305158,8.1,45129.628116623,90.0,26.5,19.638461538461534
China,2002,2.266306047944118e-06,50.9679256961335,2.5,1148.51425710711,69.5,2.4,25.299999999999997
China,2003,2.3202830828806693e-06,51.2610436241453,2.4,1288.63749134336,69.5,2.6,25.299999999999997
China,2004,2.3771777953813583e-06,51.4496229654785,2.4,1508.66791560781,69.5,2.7,25.299999999999997
China,2005,2.4063545710227373e-06,51.4758839441727,2.6,1753.41419160544,57.0,2.9,26.0
China,2006,2.308612372624118e-06,50.9696705667541,2.9,2099.2194300499,69.5,3.1,25.299999999999997
China,2007,2.329036115573083e-06,49.8862602874654,3.3,2693.95873160283,69.5,3.3,25.6
China,2008,2.550779610447564e-06,48.6560235019206,3.7,3468.32706307504,69.5,3.6,25.299999999999997
China,2009,2.54202657775515e-06,47.7093306057335,4.2,3832.2274569094,69.5,3.8,25.299999999999997
China,2010,2.6479920319442366e-06,47.4765519945183,4.8,4550.47394356715,66.0,4.0,25.2
China,2011,2.7681465889758377e-06,51.34994369566,5.4,5614.38602225277,69.5,4.3,25.299999999999997
China,2012,3.156197705006179e-06,48.1207251131123,5.9,6300.58217951734,69.5,4.6,25.299999999999997
China,2013,3.396176684656522e-06,58.4662215596184,6.1,7020.3860742288,69.5,4.9,25.299999999999997
China,2014,3.8119457375461737e-06,54.5688342973092,6.2,7636.07434020616,69.5,5.2,25.299999999999997
China,2015,4.164408171215162e-06,50.832537964484,6.3,8016.44559489998,76.0,5.5,24.4
China,2016,4.181031949409618e-06,46.8324682508133,6.2,8094.39016735149,69.5,5.9,25.299999999999997
China,2017,4.681413651659269e-06,45.8369336166997,5.5,8817.04560829162,79.0,6.2,25.299999999999997
Croatia,2000,0.0005791004112624,22.6073432457522,13.2,4953.65158789022,71.0,17.4,34.8
Croatia,2001,0.0006006426258502,22.9227100117706,13.2,5364.83824691607,76.5,18.0,35.59166666666667
Croatia,2002,0.0005850056815326,23.4705060596986,13.1,6219.58164143945,76.5,18.7,35.59166666666667
Croatia,2003,0.0005466031859288,24.0769485978838,12.7,8190.11135193887,76.5,19.4,35.59166666666667
Croatia,2004,0.0005318860618651,24.5682548346735,11.8,9718.97322801967,76.5,20.1,35.59166666666667
Croatia,2005,0.0005776471195007,24.7706419784151,11.3,10443.5278353294,74.0,20.8,35.1
Croatia,2006,0.0005500525118812,24.4359067796249,11.0,11502.753124287,76.5,21.6,35.59166666666667
Croatia,2007,0.0005208482188173,23.6376920748174,11.3,13757.605654192,76.5,22.4,35.3
Croatia,2008,0.0004817558580231,22.6849842013375,11.3,15889.4347074759,76.5,23.2,35.59166666666667
Croatia,2009,0.0005424639947859,21.88676949653,11.3,14475.9632928725,76.5,24.1,35.59166666666667
Croatia,2010,0.0004809230793177,21.5520342977398,11.3,13731.2865213989,77.0,24.9,35.5
Croatia,2011,0.0005397045340239,23.6135683044921,11.2,14694.9993201417,76.5,25.7,35.59166666666667
Croatia,2012,0.0004925637460074,20.9195365864097,11.1,13508.6836989693,76.5,26.5,35.59166666666667
Croatia,2013,0.0005102702858965,20.2640413078795,10.6,14136.3967669505,76.5,27.4,35.59166666666667
Croatia,2014,0.0005512022871987,19.8289409065182,10.3,14187.9694531493,76.5,28.2,35.59166666666667
Croatia,2015,0.0005422092382395,20.1718710437292,10.2,12285.3032582105,78.0,29.1,36.1
Croatia,2016,0.0005325759270556,18.1778313300349,10.2,12821.1738140304,76.5,30.0,35.59166666666667
Croatia,2017,0.0005666092764529,18.7613905967833,10.2,13902.6310485422,79.0,30.9,35.59166666666667
Cyprus,2000,0.0001202231087797,20.3070328790346,8.7,14388.3525390625,51.0,18.3,42.4
Cyprus,2001,0.0001049411028901,20.1814093119104,8.7,14821.44921875,73.18181818181819,18.7,38.425
Cyprus,2002,0.0001118793576266,20.0359615757853,9.0,16093.2158203125,73.18181818181819,19.2,38.425
Cyprus,2003,9.193187525910044e-05,19.8757470128298,9.7,20252.24609375,73.18181818181819,19.6,38.425
Cyprus,2004,0.0001162157668369,19.7058229652141,9.6,23792.619140625,73.18181818181819,20.0,38.425
Cyprus,2005,0.0001118793576266,19.5312467751087,9.8,24959.26171875,67.0,20.4,40.3
Cyprus,2006,0.0001266231489417,19.3234361835894,9.4,26729.28125,73.18181818181819,20.7,38.425
Cyprus,2007,0.0001352959673624,19.077613123502,9.6,31244.87890625,73.18181818181819,21.0,39.7
Cyprus,2008,0.000156110731572,18.8345412246726,9.5,35397.296875,73.18181818181819,21.3,38.425
Cyprus,2009,0.000169119959203,18.6349841169269,9.4,32236.44921875,73.18181818181819,21.5,38.425
Cyprus,2010,0.0001699587318954,18.5197054300908,9.0,31105.02734375,70.0,21.8,38.6
Cyprus,2011,0.0001838637505182,18.4875017910321,9.0,32485.796875,73.18181818181819,22.0,38.425
Cyprus,2012,0.0001777927776237,16.876649443899,8.4,28991.935546875,73.18181818181819,22.2,38.425
Cyprus,2013,0.0002220241515691,16.2406674925642,8.1,27797.45703125,73.18181818181819,22.5,38.425
Cyprus,2014,0.000194271132623,16.1114833623758,7.8,27244.3515625,73.18181818181819,22.7,38.425
Cyprus,2015,0.0002029849740583,16.9122147785325,7.9,23487.228515625,78.0,23.0,37.1
Cyprus,2016,0.0002142186149905,14.4813342529054,7.9,24715.154296875,73.18181818181819,23.3,38.425
Cyprus,2017,0.0002228914334112,15.1071226081124,7.9,26696.990234375,81.0,23.6,38.425
Denmark,2000,0.0004881423720498,15.647778890228,11.5,30722.0251837567,72.0,11.6,37.8
Denmark,2001,0.0004577892819805,15.395412363636,11.5,30768.4775471112,78.28571428571429,11.9,24.41249999999999
Denmark,2002,0.0004890865793581,15.0817525522341,11.5,33257.1622586509,78.28571428571429,12.2,24.41249999999999
Denmark,2003,0.0004668071473266,14.742653395412,11.4,40519.0974905924,78.28571428571429,12.5,24.41249999999999
Denmark,2004,0.000480068714012,14.4139688325594,11.4,46625.050098011,78.28571428571429,12.8,24.41249999999999
Denmark,2005,0.0004890865793581,14.1315528030661,11.2,48925.8076698784,74.0,13.0,31.2
Denmark,2006,0.0004995190118173,13.8645243458452,11.0,52119.1787984282,78.28571428571429,13.2,24.41249999999999
Denmark,2007,0.0005141951456158,13.5854420597073,10.8,58631.6566433635,78.28571428571429,13.4,28.9
Denmark,2008,0.0005090673398308,13.3353192238882,10.5,64616.6657583663,78.28571428571429,13.5,24.41249999999999
Denmark,2009,0.0005168474589529,13.1551691176237,10.3,58412.7472358513,78.28571428571429,13.6,24.41249999999999
Denmark,2010,0.0005496456488007,13.0860050201498,10.2,58104.5445594981,77.0,13.7,25.7
Denmark,2011,0.0005362977567582,13.3556789508458,9.9,61809.737898222,78.28571428571429,13.7,24.41249999999999
Denmark,2012,0.0005387732492061,10.811456086122,9.6,58443.7747103968,78.28571428571429,13.7,24.41249999999999
Denmark,2013,0.0005424864878781,10.3963287855885,9.3,61377.5940590412,78.28571428571429,13.8,24.41249999999999
Denmark,2014,0.0005530957412264,10.8104890765495,9.4,62520.4509747011,78.28571428571429,13.8,24.41249999999999
Denmark,2015,0.0005452820073141,10.2267270069046,9.4,53094.0133607574,80.0,13.8,21.2
Denmark,2016,0.000569186442138,9.23431703209402,9.3,54500.9260410217,78.28571428571429,13.9,24.41249999999999
Denmark,2017,0.0005700705465837,10.0945595167367,9.3,57521.5514992225,81.0,13.9,24.41249999999999
Denmark,2018,0.0005638818154639,10.3539340590391,9.2,61324.7665045565,78.28571428571429,14.0,24.41249999999999
Denmark,2019,0.0005481447563305,9.61197285377196,9.2,59404.2663247723,82.0,14.1,24.41249999999999
Denmark,2020,0.0005403697206882,9.06983927345931,9.3,60985.4885601514,78.28571428571429,14.1,17.5
Denmark,2021,0.0005481447563305,12.400232440260062,10.24761904761905,69727.9873677012,82.0,14.2,16.8
Denmark,2022,0.0005071179262531,12.400232440260062,10.24761904761905,68091.3191138669,78.28571428571429,14.3,16.2
Estonia,2000,0.0004352566475072,11.8151297405178,10.4,4070.60902410208,60.0,18.7,47.6
Estonia,2001,0.0004624990364603,11.3922862404784,10.4,4502.66614992392,71.33333333333333,19.3,37.53846153846154
Estonia,2002,0.0004617542715062,10.8659889979478,11.3,5343.18310760735,71.33333333333333,19.8,37.53846153846154
Estonia,2003,0.000421536963988,10.3301268581838,13.1,7205.40703313243,71.33333333333333,20.4,37.53846153846154
Estonia,2004,0.0004438799126092,9.87858866644381,14.6,8916.0728274602,71.33333333333333,20.9,37.53846153846154
Estonia,2005,0.0004103654896773,9.60526326798543,16.7,10414.6381183565,62.0,21.4,42.1
Estonia,2006,0.0004341979682067,9.49150211652796,17.3,12641.4800976473,71.33333333333333,21.8,37.53846153846154
Estonia,2007,0.0004267503186663,9.42873775517208,17.4,16745.4308011148,71.33333333333333,22.3,40.3
Estonia,2008,0.0003798301265616,9.37598066324752,16.5,18205.9064113446,71.33333333333333,22.7,37.53846153846154
Estonia,2009,0.0003857882461939,9.29224132008397,15.7,14712.4494217916,71.33333333333333,23.0,37.53846153846154
Estonia,2010,0.0004453506667117,9.13653020501115,15.4,14663.7041018705,72.0,23.4,37.3
Estonia,2011,0.0003887673060101,8.27663619619013,16.1,17555.5455239426,71.33333333333333,23.7,37.53846153846154
Estonia,2012,0.000422281728942,7.99013886909247,17.0,17568.2137969714,71.33333333333333,24.0,37.53846153846154
Estonia,2013,0.0004587752116901,8.08122179915709,17.3,19310.3874900757,71.33333333333333,24.3,37.53846153846154
Estonia,2014,0.0004096207247233,8.70767888073313,17.3,20581.7898991695,71.33333333333333,24.6,37.53846153846154
Estonia,2015,0.0004008650165024,7.18496063252666,16.5,17722.1557669523,77.0,24.9,33.3
Estonia,2016,0.0004200474340799,6.87835279660374,15.1,18666.3736521706,71.33333333333333,25.1,37.53846153846154
Estonia,2017,0.0004148340794016,6.15485238171865,13.2,20851.5223496861,78.0,25.4,37.53846153846154
Finland,2000,0.0002739456617767,8.00512199497353,9.0,24335.9225082659,75.0,18.5,38.7
Finland,2001,0.0002580368512062,7.91863988097532,9.0,24965.202996776,83.14285714285714,18.9,28.8125
Finland,2002,0.0002587751540708,7.82803108552653,9.2,26989.389260959,83.14285714285714,19.3,28.8125
Finland,2003,0.0002515767011402,7.73384704624823,9.5,32920.0857192568,83.14285714285714,19.7,28.8125
Finland,2004,0.0002672656370147,7.63663920076146,9.7,37768.1334202029,83.14285714285714,20.0,28.8125
Finland,2005,0.0002702188484734,7.53695898668728,10.0,39049.8703780223,81.0,20.3,34.1
Finland,2006,0.0002611746383811,7.43418344243749,10.2,41214.0187765069,83.14285714285714,20.6,28.8125
Finland,2007,0.0002674502127308,7.3276683346314,10.3,48473.0240091455,83.14285714285714,20.9,32.5
Finland,2008,0.000284984905767,7.21793319320128,10.2,53769.4726240385,83.14285714285714,21.2,28.8125
Finland,2009,0.0002975360544666,7.1054975480794,10.0,47478.3495310999,83.14285714285714,21.4,28.8125
Finland,2010,0.0002994441265414,6.99088092919804,9.8,46506.2919016566,84.0,21.5,30.2
Finland,2011,0.0002956902973049,6.87039455156535,9.6,51060.3242589767,83.14285714285714,21.7,28.8125
Finland,2012,0.0003025195988032,6.23115629479583,9.4,47551.6740841369,83.14285714285714,21.9,28.8125
Finland,2013,0.0003187622618262,5.85285267653954,9.0,49691.0145200739,83.14285714285714,22.0,28.8125
Finland,2014,0.0003248532604598,6.11857316281583,8.8,50073.7760815871,83.14285714285714,22.2,28.8125
Finland,2015,0.0003316019586598,5.62500854589343,8.6,42560.3456767103,86.0,22.3,26.5
Finland,2016,0.0003385118634564,5.27813456745499,8.4,43451.2562442158,83.14285714285714,22.5,28.8125
Finland,2017,0.0003311288348096,5.12673961318144,8.4,46085.0174739036,85.0,22.7,28.8125
Finland,2018,0.0003362969548624,5.49695736300986,8.3,49654.2497035329,83.14285714285714,22.9,28.8125
Finland,2019,0.0003351895005654,5.37867032806067,8.3,48358.1807773701,85.0,23.1,28.8125
Finland,2020,0.0003260711518721,4.89518090216668,8.3,48828.6846862799,83.14285714285714,23.3,23.4
Finland,2021,0.0003215308975688,6.648050935628742,9.238095238095235,53099.1351400148,86.0,23.5,22.8
Finland,2022,0.0003068179459621,6.648050935628742,9.238095238095235,50438.4753952355,83.14285714285714,23.7,22.3
France (metropolitan),2000,3.9120127479455416e-05,16.0892961813444,14.0,22340.5939516217,79.0,13.1,34.7
France (metropolitan),2001,3.748700318444516e-05,15.8802927901306,14.0,22331.7948343036,82.58333333333333,13.3,34.52307692307692
France (metropolitan),2002,3.90102133223931e-05,15.6420884990136,13.8,24144.5727019529,82.58333333333333,13.4,34.52307692307692
France (metropolitan),2003,3.921865260442809e-05,15.3886822893843,13.5,29479.5222101175,82.58333333333333,13.6,34.52307692307692
France (metropolitan),2004,4.2746086608097e-05,15.1340731426338,13.2,33644.9282220364,82.58333333333333,13.7,34.52307692307692
France (metropolitan),2005,4.579250688399289e-05,14.8922600401531,13.0,34696.3718316971,81.0,13.8,34.5
France (metropolitan),2006,4.356380994531117e-05,14.6287316954908,13.0,36431.5658906555,82.58333333333333,13.8,34.52307692307692
France (metropolitan),2007,4.535959452899716e-05,14.3339971201938,12.8,41486.1907828787,82.58333333333333,13.8,34.5
France (metropolitan),2008,4.760432525860466e-05,14.0595857426506,12.7,45464.8181385158,82.58333333333333,13.7,34.52307692307692
France (metropolitan),2009,4.898323127822069e-05,13.8570269912499,12.5,41728.0884164132,82.58333333333333,13.7,34.52307692307692
France (metropolitan),2010,4.986822952907977e-05,13.7778502943804,12.4,40694.8211697025,82.0,13.5,34.4
France (metropolitan),2011,5.28153073094792e-05,13.7974719352463,12.3,43929.7840873812,82.58333333333333,13.4,34.52307692307692
France (metropolitan),2012,5.456299052038789e-05,12.5585885208406,12.1,40863.5814412333,82.58333333333333,13.2,34.52307692307692
France (metropolitan),2013,5.464315947501673e-05,12.4582922718332,12.0,42669.1795111893,82.58333333333333,12.9,34.52307692307692
France (metropolitan),2014,5.550898418500819e-05,10.687674674804,11.9,43148.0459288416,82.58333333333333,12.7,34.52307692307692
France (metropolitan),2015,5.550874192946851e-05,11.3442976642006,11.9,36702.4323733379,84.0,12.5,34.5
France (metropolitan),2016,6.043135799921891e-05,10.508154814077,11.8,37024.2157133669,82.58333333333333,12.3,34.52307692307692
France (metropolitan),2017,6.115287859087846e-05,10.4583123660264,11.6,38687.1626407164,85.0,12.0,34.52307692307692
Germany,2003,3.8525268739426865e-05,17.0534186624295,12.0,30711.1022511331,85.5,21.9,29.119999999999997
Germany,2004,4.0941487684756775e-05,16.7455957407135,11.8,34566.7359143735,85.5,22.3,29.119999999999997
Germany,2005,4.051437827522876e-05,16.5542983749923,11.8,35084.4363546269,83.0,22.7,32.1
Germany,2006,4.090487830679723e-05,16.4673340240739,11.7,36980.3349948954,85.5,23.0,29.119999999999997
Germany,2007,4.157605023605554e-05,16.4178840311706,11.6,42350.9217211489,85.5,23.3,30.6
Germany,2008,4.2210612787354304e-05,16.3766553966518,11.4,46386.3295924799,85.5,23.5,29.119999999999997
Germany,2009,4.128317521237918e-05,16.3143551208868,11.3,42487.2137101496,85.5,23.7,29.119999999999997
Germany,2010,4.271744427211824e-05,16.201690204245,11.2,42409.9356994694,85.0,23.8,28.5
Germany,2011,4.1795706503812805e-05,15.7161711583543,11.2,47646.582043143,85.5,23.9,29.119999999999997
Germany,2012,4.182011275578583e-05,13.9078592571706,11.2,44735.5882319701,85.5,23.9,29.119999999999997
Germany,2013,4.2381456551165505e-05,13.6633968189434,11.1,47220.0102098851,85.5,23.9,29.119999999999997
Germany,2014,4.254009718899019e-05,12.2822480920893,11.1,48971.0824722599,85.5,23.9,29.119999999999997
Germany,2015,4.2084369877211845e-05,12.8253525089793,11.0,41911.0109851054,88.0,23.9,25.1
Germany,2016,4.291839409457215e-05,11.7806958987308,11.0,42961.0356905775,85.5,24.0,29.119999999999997
Germany,2017,4.089267518081072e-05,11.8978451129639,11.1,45526.5999576533,88.0,24.0,29.119999999999997
Iceland,2000,0.0003694992574486,7.40415684416645,6.3,32096.3722613695,78.0,14.8,32.2
Iceland,2001,0.00028136585763,7.36401350857719,6.3,28897.4439396908,85.42857142857143,15.3,17.5
Iceland,2002,0.0002304805429522,7.31543238709725,6.5,32409.2161491753,85.42857142857143,15.9,17.5
Iceland,2003,0.0003412309337215,7.25851087930184,6.6,39476.6978486684,85.42857142857143,16.4,17.5
Iceland,2004,0.0002933388728483,7.19334638476617,6.8,47334.9306537723,85.42857142857143,16.9,17.5
Iceland,2005,0.0002963321266529,7.12003630306545,7.0,56794.8501588953,83.0,17.4,24.2
Iceland,2006,0.0002873523652392,7.00714143681389,7.3,57492.9342498703,85.42857142857143,17.8,17.5
Iceland,2007,0.0002903456190437,6.84979048517238,7.3,69495.7267376825,85.42857142857143,18.2,21.7
Iceland,2008,0.0003172849032849,6.68793269253617,7.3,56943.3704468563,85.42857142857143,18.5,17.5
Iceland,2009,0.00028136585763,6.5615173033005,7.1,41301.273219718,85.42857142857143,18.8,17.5
Iceland,2010,0.0003675396518739,6.51049356186064,7.0,43237.0729488958,85.0,19.2,18.3
Iceland,2011,0.0003023186342621,6.70874031735348,6.8,47714.5922308485,85.42857142857143,19.5,17.5
Iceland,2012,0.0003532039489398,6.11017540376794,6.8,45995.5478789467,85.42857142857143,19.8,17.5
Iceland,2013,0.0003711634717673,5.96459941016024,6.9,49804.9829978371,85.42857142857143,20.0,17.5
Iceland,2014,0.0003412309337215,5.78710561432072,7.2,54576.7448146565,85.42857142857143,20.3,17.5
Iceland,2015,0.0003866368634084,5.73328095255678,7.4,52951.6815110898,87.0,20.5,13.8
Iceland,2016,0.0003112983956758,5.27717772615425,7.6,61987.9263620283,85.42857142857143,20.8,17.5
Iceland,2017,0.0003442241875261,5.83996279608708,7.7,72010.1490316258,87.0,21.1,17.5
Iceland,2018,0.0003142916494804,5.55924065638007,7.7,74452.1890731447,85.42857142857143,21.3,17.5
Iceland,2019,0.0003412309337215,5.48155807169081,7.7,68452.23622306,89.0,21.6,17.5
Iceland,2020,0.0003163616231533,5.10554827500189,7.5,59023.5663465778,85.42857142857143,21.9,10.5
Iceland,2021,0.0003502106951353,6.420941000482437,7.085714285714286,69325.9078287926,89.0,22.2,9.9
Iceland,2022,0.0003781184717577,6.420941000482437,7.085714285714286,75314.085560994,85.42857142857143,22.6,9.4
India,2003,5.921637484901507e-07,62.766353963477,1.1,544.143133545002,50.0,2.1,39.875
India,2004,5.991854530177019e-07,62.9461722470244,1.2,624.258826510066,50.0,2.3,39.875
India,2005,6.077675363291533e-07,62.7698190473475,1.2,710.488080408949,34.0,2.5,46.6
India,2006,6.935883694436679e-07,61.1951099242157,1.4,801.668353659022,50.0,2.7,39.875
India,2007,7.154336724182717e-07,58.0211349861865,1.6,1021.88707706826,50.0,2.9,43.1
India,2008,7.403997329606759e-07,54.3676481000901,2.0,992.519584923828,50.0,3.1,39.875
India,2009,6.974893164034186e-07,51.3544031327568,2.3,1094.94974598436,50.0,3.3,39.875
India,2010,8.278161576204524e-07,50.1011539510167,2.7,1347.51939071367,49.0,3.5,38.3
India,2011,7.762884449903819e-07,61.708624213512,2.9,1445.46127486037,50.0,3.7,39.875
India,2012,8.246601872912902e-07,74.0031607462287,3.0,1429.32199520032,50.0,4.0,39.875
India,2013,9.237442400689572e-07,76.2501768290597,3.0,1432.84397512195,50.0,4.2,39.875
India,2014,9.541716263550122e-07,79.0373957134889,3.0,1553.88396075118,50.0,4.5,39.875
India,2015,8.277479215485919e-07,73.810991410386,3.0,1583.99815907985,57.0,4.8,31.5
India,2016,9.198432931092064e-07,75.7890035327013,2.9,1707.50892912243,50.0,5.1,39.875
India,2017,9.64314088450364e-07,67.3122713926644,2.9,1950.10468280866,60.0,5.4,39.875
Ireland,2000,0.0002732856631157,12.5487773722991,14.2,26334.5672050501,72.0,19.5,35.7
Ireland,2001,0.0002333939611485,12.4264833741692,14.2,28282.409882073,78.58333333333333,20.2,27.03846153846154
Ireland,2002,0.0002545710636405,12.3040622950093,13.9,32705.4345565698,78.58333333333333,20.8,27.03846153846154
Ireland,2003,0.0002561314817189,12.1728497272074,13.6,41203.5295847568,78.58333333333333,21.5,27.03846153846154
Ireland,2004,0.0002657169070574,12.0241812631519,13.3,47754.2023194244,78.58333333333333,22.1,27.03846153846154
Ireland,2005,0.0002612585696906,11.8493924952309,13.3,50933.0216095589,76.0,22.6,30.9
Ireland,2006,0.0002686148263458,11.5711334006069,13.4,54329.1618599624,78.58333333333333,23.1,27.03846153846154
Ireland,2007,0.0002855565083394,11.183427609397,13.1,61396.417461176,78.58333333333333,23.6,29.2
Ireland,2008,0.0002802065034993,10.7846711934217,12.3,61353.1065629523,78.58333333333333,24.1,27.03846153846154
Ireland,2009,0.0002897919288378,10.4732602245015,11.7,52133.0909237885,78.58333333333333,24.7,27.03846153846154
Ireland,2010,0.0003142829673881,10.3475907744569,11.4,48679.4026820361,77.0,25.3,26.8
Ireland,2011,0.0003207773735366,10.5404229786943,11.5,52692.7813135606,78.58333333333333,25.8,27.03846153846154
Ireland,2012,0.0003312544663484,9.58893302932057,11.1,49411.7387476787,78.58333333333333,26.4,27.03846153846154
Ireland,2013,0.0003455211459219,9.19408716106259,10.9,52619.2123745817,78.58333333333333,26.8,27.03846153846154
Ireland,2014,0.000351539901367,8.84472665206141,10.7,57278.2590911107,78.58333333333333,27.3,27.03846153846154
Ireland,2015,0.0003474246425019,8.81158216131006,11.0,64311.8234684057,82.0,27.8,23.4
Ireland,2016,0.0003617940773105,8.11019374827621,11.1,64292.659966313,78.58333333333333,28.2,27.03846153846154
Ireland,2017,0.0003867607665642,8.38429636583274,11.2,72499.3268743015,82.0,28.7,27.03846153846154
Israel,2000,0.000180972306823,25.3125485744393,2.4,21660.840378309,72.0,18.5,31.2
Israel,2001,0.0001544590834988,25.2234272492841,2.4,20907.1143041538,79.66666666666667,19.0,25.62307692307693
Israel,2002,0.0001547226655525,25.1412265502932,2.4,19034.3175740071,79.66666666666667,19.5,25.62307692307693
Israel,2003,0.0001559087847944,25.0639764650502,2.3,19629.4145135202,79.66666666666667,19.9,25.62307692307693
Israel,2004,0.0001555134117138,24.9897069811385,2.3,20546.2291718399,79.66666666666667,20.3,25.62307692307693
Israel,2005,0.0001704057977508,24.9164480861416,2.4,21226.7213913393,76.0,20.7,28.2
Israel,2006,0.0001646069925683,24.8430702434375,2.4,22502.0722209991,79.66666666666667,21.1,25.62307692307693
Israel,2007,0.0001817398260622,24.7699951693732,2.4,25635.926838502,79.66666666666667,21.4,27.1
Israel,2008,0.0001884611684328,24.6975797309857,2.5,30176.2865128483,79.66666666666667,21.7,25.62307692307693
Israel,2009,0.0001941281825885,24.6261807953123,2.6,28381.6449423376,79.66666666666667,22.0,25.62307692307693
Israel,2010,0.0002080932585289,24.5561552293902,2.7,31338.5568903917,79.0,22.2,25.7
Israel,2011,0.0001926784812929,24.4804002133439,2.7,34433.822610733,79.66666666666667,22.3,25.62307692307693
Israel,2012,0.0002077026583568,22.1038555397058,2.7,33236.5731239421,79.66666666666667,22.4,25.62307692307693
Israel,2013,0.0002190366866681,22.578207348874,2.6,36929.6042163752,79.66666666666667,22.5,25.62307692307693
Israel,2014,0.0002307660880601,21.175469715827,2.6,38230.4954049785,79.66666666666667,22.6,25.62307692307693
Israel,2015,0.0002137921405913,22.1043027343095,2.5,36123.9907881129,82.0,22.7,23.2
Israel,2016,0.0002419683253446,18.8170113677762,2.5,37556.6272863143,79.66666666666667,22.8,25.62307692307693
Israel,2017,0.0002390689227533,20.0293441275017,2.5,40997.9110240274,84.0,22.9,25.62307692307693
Italy,2003,1.3393995644505949e-05,24.6281664348107,9.2,27618.9417740066,80.45454545454545,16.7,24.29090909090909
Italy,2004,1.3276209250647223e-05,23.9733403667848,8.6,31425.8208728669,80.45454545454545,17.0,24.29090909090909
Italy,2005,1.3865141219940828e-05,23.3402929813168,7.9,32171.793374715,76.0,17.4,25.2
Italy,2006,1.450455307231674e-05,22.622685769712,7.3,33684.7200358552,80.45454545454545,17.7,24.29090909090909
Italy,2007,1.3730528198388005e-05,21.788257561314,7.1,38031.9709472716,80.45454545454545,18.1,24.8
Italy,2008,1.4437246561540329e-05,20.9957277217196,6.8,41095.4063415012,80.45454545454545,18.4,24.29090909090909
Italy,2009,1.5228098063163168e-05,20.4038156165254,6.7,37388.4537139699,80.45454545454545,18.6,24.29090909090909
Italy,2010,1.5128099902294206e-05,20.1712406113281,6.8,36184.7118698678,80.0,18.9,24.4
Italy,2011,1.517761818008086e-05,21.3353676583094,7.1,38851.3881339353,80.45454545454545,19.1,24.29090909090909
Italy,2012,1.5295404573939578e-05,18.765688121919,7.3,35235.7989058242,80.45454545454545,19.3,24.29090909090909
Italy,2013,1.5615110500127534e-05,18.0540998276206,7.5,35747.707952689,80.45454545454545,19.5,24.29090909090909
Italy,2014,1.5514150733962917e-05,16.8936828833708,7.4,35750.7197500382,80.45454545454545,19.7,24.29090909090909
Italy,2015,1.593813189089698e-05,17.7600165229672,7.3,30387.1293187854,83.0,19.9,23.5
Italy,2016,1.5665590383209846e-05,15.7011486972657,7.2,31126.3246947273,80.45454545454545,20.1,24.29090909090909
Italy,2017,1.6237695724809344e-05,15.9660261772019,7.4,32554.14668453,84.0,20.4,24.29090909090909
Japan,2000,3.2554213786913005e-05,13.1620736916056,7.4,39169.3595701504,70.0,2.6,33.6
Japan,2001,3.257771284403342e-05,13.0837219689452,7.4,34406.1824638092,78.9090909090909,2.7,26.583333333333332
Japan,2002,3.312067472476731e-05,12.9394908862862,7.0,32820.7936433254,78.9090909090909,2.8,26.583333333333332
Japan,2003,3.396265909054305e-05,12.7497537681119,7.0,35387.0374203599,78.9090909090909,2.9,26.583333333333332
Japan,2004,3.500923778818954e-05,12.5348839389059,7.1,38298.9801712303,78.9090909090909,3.0,26.583333333333332
Japan,2005,3.5072189890303615e-05,12.3152547231517,7.1,37812.8950199948,76.0,3.1,29.4
Japan,2006,3.707878814518973e-05,12.0174240180157,7.0,35991.546002862,78.9090909090909,3.2,26.583333333333332
Japan,2007,3.829061611088566e-05,11.6214588221687,6.8,35779.0245416427,78.9090909090909,3.3,27.9
Japan,2008,3.770830916633047e-05,11.2279961123512,6.6,39876.3039685725,78.9090909090909,3.3,26.583333333333332
Japan,2009,3.9305718757475105e-05,10.9376728653037,6.5,41308.9968370512,78.9090909090909,3.4,26.583333333333332
Japan,2010,4.137997865211507e-05,10.8511260577664,6.5,44968.1562349739,80.0,3.5,25.9
Japan,2011,4.220151545472251e-05,12.2742530701447,6.5,48760.0789494211,78.9090909090909,3.6,26.583333333333332
Japan,2012,4.1595601471874555e-05,12.8068431271902,6.6,49145.2804308193,78.9090909090909,3.7,26.583333333333332
Japan,2013,4.423958976066567e-05,13.2542512411266,6.5,40898.6478964744,78.9090909090909,3.8,26.583333333333332
Japan,2014,4.6010117632624014e-05,13.740610303435,6.5,38475.3952461838,78.9090909090909,3.9,26.583333333333332
Japan,2015,4.513129974457633e-05,12.8685359282927,6.5,34960.6393843385,83.0,4.0,22.8
Latvia,2000,0.000391635632573,22.4970757971078,7.1,3278.17896440803,52.0,19.9,45.4
Latvia,2001,0.0004535957601715,21.6067918371829,7.1,3504.61829462397,65.91666666666667,20.4,39.57692307692308
Latvia,2002,0.0004497679478494,20.5080341220557,7.5,4003.60935783538,65.91666666666667,20.8,39.57692307692308
Latvia,2003,0.0004248871677556,19.4158394192282,8.2,4914.57992829302,65.91666666666667,21.3,39.57692307692308
Latvia,2004,0.0004818258760471,18.5452444962024,8.9,6109.73265186817,65.91666666666667,21.8,39.57692307692308
Latvia,2005,0.0004569450959533,18.1112861204801,9.7,7283.78738127622,58.0,22.2,42.4
Latvia,2006,0.0004717778687016,18.0087086881248,10.5,9211.7374468148,65.91666666666667,22.7,39.57692307692308
Latvia,2007,0.0004526388070909,17.9604077828999,11.2,13370.9789452508,65.91666666666667,23.1,41.3
Latvia,2008,0.0004229732615945,17.9236469538566,11.0,15677.6080864506,65.91666666666667,23.6,39.57692307692308
Latvia,2009,0.0004019202938228,17.8556897500464,10.5,11996.0322729773,65.91666666666667,24.0,39.57692307692308
Latvia,2010,0.0003906677515905,17.7137997205206,9.9,11188.4191700977,65.0,24.5,39.6
Latvia,2011,0.0004028772469034,15.525589653222,10.1,12902.574053337,65.91666666666667,24.9,39.57692307692308
Latvia,2012,0.0003904368568565,14.9825047352387,10.3,13329.3499931271,65.91666666666667,25.4,39.57692307692308
Latvia,2013,0.000391393809937,15.4093695076531,10.4,14484.4715282132,65.91666666666667,25.8,39.57692307692308
Latvia,2014,0.0003818242791317,16.0993170108535,10.6,15185.814581236,65.91666666666667,26.3,39.57692307692308
Latvia,2015,0.0003735024134581,13.6554000536401,10.9,13321.9753140616,70.0,26.8,37.1
Latvia,2016,0.0003488093978534,12.6030729844024,11.6,13838.5266823272,65.91666666666667,27.2,39.57692307692308
Latvia,2017,0.0003818242791317,11.6679973108454,12.4,15132.4958333982,75.0,27.7,39.57692307692308
Lithuania,2000,0.0003661480310375,18.083013444041,10.4,3300.63634928559,51.0,22.3,42.9
Lithuania,2001,0.0004045619079818,17.3276190793162,10.4,3532.52787363242,64.66666666666667,22.7,37.06923076923077
Lithuania,2002,0.0004292264106854,16.4295435196153,10.8,4148.13091485015,64.66666666666667,23.0,37.06923076923077
Lithuania,2003,0.0003987961800771,15.5425823302599,11.5,5507.47434187652,64.66666666666667,23.4,37.06923076923077
Lithuania,2004,0.0003882256789184,14.8205310765714,11.9,6734.57487061946,64.66666666666667,23.8,37.06923076923077
Lithuania,2005,0.0003814989963629,14.4171853238712,12.6,7857.03148786492,57.0,24.2,39.9
Lithuania,2006,0.0003879053607015,14.2765715251915,13.2,9210.10118229413,64.66666666666667,24.6,37.06923076923077
Lithuania,2007,0.0003699675405534,14.2038714091332,13.6,12295.1212779366,64.66666666666667,25.0,38.7
Lithuania,2008,0.0003750926320243,14.1446134543711,13.5,14955.5345462921,64.66666666666667,25.4,37.06923076923077
Lithuania,2009,0.0003427404921144,14.0443261395798,12.9,11854.3711053096,64.66666666666667,25.8,37.06923076923077
Lithuania,2010,0.0003574365112157,13.8485379434341,13.2,11829.122609457,63.0,26.3,37.1
Lithuania,2011,0.0003462639925007,12.3194519812497,13.9,14261.8433787325,64.66666666666667,26.6,37.06923076923077
Lithuania,2012,0.000326724581268,12.373124789345,14.9,14294.7178607152,64.66666666666667,27.0,37.06923076923077
Lithuania,2013,0.0003344122184743,12.4131714589563,14.9,15655.3513307327,64.66666666666667,27.4,37.06923076923077
Lithuania,2014,0.0003420998556806,12.7577404745041,14.3,16473.5678231709,64.66666666666667,27.8,37.06923076923077
Lithuania,2015,0.0003644013611065,11.3028578201847,13.5,14300.2553666736,70.0,28.2,34.6
Lithuania,2016,0.0003151931254585,10.2329418108878,12.2,14981.6208126311,64.66666666666667,28.6,37.06923076923077
Lithuania,2017,0.0003408185828129,9.79993642739852,11.5,16884.7100319318,72.0,29.0,37.06923076923077
Malta,2000,0.0002555033415829,17.5416711633875,5.7,10348.4865480967,75.0,28.3,33.0
Malta,2001,0.0001873093662188,17.3739401649506,5.7,10357.7040358668,80.83333333333333,28.8,29.09166666666667
Malta,2002,0.0002192890141098,17.1607690400214,5.8,11251.2060862043,80.83333333333333,29.3,29.09166666666667
Malta,2003,0.0002170047535462,16.9496741589384,6.0,13593.974199672,80.83333333333333,29.8,29.09166666666667
Malta,2004,0.0001781723239642,16.7881718920403,6.2,15212.1267402818,80.83333333333333,30.3,29.09166666666667
Malta,2005,0.000198730669037,16.7237786096657,6.9,15831.3440511034,77.0,30.8,30.7
Malta,2006,0.0002352788380553,16.7590769231956,7.4,16653.607176998,80.83333333333333,31.3,29.09166666666667
Malta,2007,0.0002444158803099,16.8432498246899,7.7,19444.1875016088,80.83333333333333,31.7,30.0
Malta,2008,0.0002329945774917,16.9437142555058,7.4,22315.3198630182,80.83333333333333,32.1,29.09166666666667
Malta,2009,0.0002284260563644,17.0278871570001,7.1,21176.3112406361,80.83333333333333,32.4,29.09166666666667
Malta,2010,0.0003462645222146,17.06318547053,7.1,21946.6069676515,79.0,32.7,28.8
Malta,2011,0.0002855325704555,16.1027075945735,7.2,23516.9691249323,80.83333333333333,32.9,29.09166666666667
Malta,2012,0.0002649742253827,14.106355803411,7.4,22878.313086001,80.83333333333333,33.0,29.09166666666667
Malta,2013,0.0002444158803099,13.3766872999129,7.5,25346.5236450477,80.83333333333333,33.1,29.09166666666667
Malta,2014,0.0002878168310192,13.4804864315632,7.7,27356.6080303021,80.83333333333333,33.2,29.09166666666667
Malta,2015,0.0003022478037754,13.6814730924333,8.1,25481.8977555627,85.0,33.3,26.8
Malta,2016,0.0003380705634193,12.5325633579629,8.6,26409.6285858968,80.83333333333333,33.4,29.09166666666667
Malta,2017,0.0003060909155283,12.9026022733936,8.9,30259.3952629768,85.0,33.5,29.09166666666667
New Zealand,2000,0.0002871397200608,6.92139404317208,8.9,13641.1027183822,75.0,21.8,30.4
New Zealand,2001,0.0002394428977546,6.85958648572071,8.9,13882.8568268586,81.6,22.7,22.880000000000003
New Zealand,2002,0.0002399119337933,6.7529232983427,8.9,16874.1874918196,81.6,23.6,22.880000000000003
New Zealand,2003,0.0002840013214308,6.63654227442674,9.1,21913.7081719961,81.6,24.4,22.880000000000003
New Zealand,2004,0.000286815537663,6.54558120736157,9.1,25420.234882944,81.6,25.2,22.880000000000003
New Zealand,2005,0.0002567972311864,6.51517789053587,9.3,27751.0654708859,80.0,25.9,24.8
New Zealand,2006,0.0002682886141345,6.57279629787026,9.3,26654.5932018985,81.6,26.6,22.880000000000003
New Zealand,2007,0.0002711028303667,6.69225241519321,9.3,32479.9817381467,81.6,27.3,22.7
New Zealand,2008,0.0002779038529278,6.82821205375524,9.3,31252.9625640673,81.6,27.9,22.880000000000003
New Zealand,2009,0.0002919749340887,6.93534102480686,9.4,28209.3623271229,81.6,28.5,22.880000000000003
New Zealand,2010,0.0002813863072775,6.96830513959859,9.4,33676.7741239925,82.0,29.1,20.1
New Zealand,2011,0.0003041698710948,6.74391297899936,9.4,38388.5280906616,81.6,29.6,22.880000000000003
New Zealand,2012,0.0003093292675204,6.77378849107112,9.2,39974.2997334925,81.6,30.0,22.880000000000003
New Zealand,2013,0.0003090947495011,6.77775160923795,9.1,42977.388040868,81.6,30.5,22.880000000000003
New Zealand,2014,0.0003323120334166,6.59603176441408,8.9,44578.2253868016,81.6,30.9,22.880000000000003
New Zealand,2015,0.000310199778242,6.57020164227168,8.9,38639.3501941427,85.0,31.3,16.4
New Zealand,2016,0.0003302013712424,6.63410190310228,8.9,40070.8956577431,81.6,31.7,22.880000000000003
New Zealand,2017,0.0003400511280551,6.82907618571061,9.1,42913.186956185,86.0,32.1,22.880000000000003
Norway,2000,0.0003094939840158,10.4740973033701,5.7,38178.2368777076,72.0,12.8,44.9
Norway,2001,0.0002828163284215,10.1879455331557,5.7,38601.897639231,82.25172413793103,13.3,27.794169096209913
Norway,2002,0.0002892257636266,9.77123127954717,5.8,43170.557174499,82.25172413793103,13.8,27.794169096209913
Norway,2003,0.0003080534795413,9.30851275504977,6.1,50250.3298214345,82.25172413793103,14.3,27.794169096209913
Norway,2004,0.0002992405061344,8.88434817216868,6.2,57768.6980958462,82.25172413793103,14.8,27.794169096209913
Norway,2005,0.0002944334297306,8.58329574340912,6.4,67047.1704558264,81.0,15.2,34.6
Norway,2006,0.0003304865027589,8.3718056211126,6.5,74434.4996835671,82.25172413793103,15.6,27.794169096209913
Norway,2007,0.000330686797609,8.17307019719305,6.6,85502.2677087731,82.25172413793103,16.0,31.2
Norway,2008,0.0003372965276642,8.00676104351433,6.7,97503.5407803783,82.25172413793103,16.3,27.794169096209913
Norway,2009,0.0003425041937683,7.89254973194028,6.7,80347.5700665184,82.25172413793103,16.7,27.794169096209913
Norway,2010,0.0003670951079003,7.85010783433474,6.6,88163.2085931423,84.0,16.9,26.6
Norway,2011,0.0003589283714812,8.65989791417676,6.4,101221.813476644,82.25172413793103,17.2,27.794169096209913
Norway,2012,0.0003785572667965,7.30698815670179,6.3,102175.919298374,82.25172413793103,17.4,27.794169096209913
Norway,2013,0.0003743510749433,7.02749190738719,6.2,103553.840134417,82.25172413793103,17.6,27.794169096209913
Norway,2014,0.0003997885209132,7.09267324687363,6.1,97666.6951838749,82.25172413793103,17.8,27.794169096209913
Norway,2015,0.0003899539838885,6.75214227846257,6.0,74809.9658049898,86.0,18.0,20.5
Norway,2016,0.0004086014943201,6.23059189808068,6.0,70867.3609970749,82.25172413793103,18.3,27.794169096209913
Norway,2017,0.0004218209544304,6.52155808218128,6.0,76131.8384032764,86.0,18.5,27.794169096209913
Norway,2018,0.0004256265565834,6.69607752509394,6.0,82792.8427113304,82.25172413793103,18.7,27.794169096209913
Norway,2019,0.000417414467727,6.38122446338577,6.0,76430.5889473338,86.0,19.0,27.794169096209913
Norway,2020,0.0003814240537681,6.05589724673443,7.2,68340.0181033702,82.25172413793103,19.2,15.8
Norway,2021,0.0004063982509684,8.077034580025495,6.241990049751244,93072.8925119571,87.0,19.5,15.0
Norway,2022,0.0003634310021182,8.077034580025495,6.241990049751244,108798.451165901,82.25172413793103,19.8,14.2
Norway,2023,0.0003683422294385,8.077034580025495,6.241990049751244,87925.0944188399,82.25172413793103,16.459981078524127,27.794169096209913
Philippines,2000,9.825775531081564e-06,31.5189595125717,4.6,1050.79272954492,36.0,3.2,36.5
Philippines,2001,8.435334731206772e-06,31.2923190881475,4.6,969.530611744453,48.90909090909091,3.3,30.08
Philippines,2002,7.869350981499995e-06,31.05570387518,4.6,1014.90879320106,48.90909090909091,3.5,30.08
Philippines,2003,7.934656798773853e-06,30.7743493607566,4.6,1027.2301192843,48.90909090909091,3.7,30.08
Philippines,2004,8.511524851359607e-06,30.4134910319648,4.5,1099.63013023758,48.90909090909091,3.9,30.08
Philippines,2005,8.021731221805665e-06,29.9383643758918,4.4,1220.46018559867,38.0,4.1,31.7
Philippines,2006,7.999962616047712e-06,29.1782265763242,4.4,1426.14649179546,48.90909090909091,4.3,30.08
Philippines,2007,8.489756245601654e-06,28.0341722365094,4.4,1712.65543282793,48.90909090909091,4.5,30.1
Philippines,2008,8.467987639843701e-06,26.5791929727268,4.5,1959.29233534978,48.90909090909091,4.8,30.08
Philippines,2009,8.631252183028348e-06,24.8862804012556,4.7,1864.45043406471,48.90909090909091,5.0,30.08
Philippines,2010,7.555208497337714e-06,23.0284261383751,4.9,2162.91375885614,48.0,5.2,27.7
Philippines,2011,8.424450428327796e-06,20.2762007200701,5.1,2383.91892526787,48.90909090909091,5.4,30.08
Philippines,2012,7.684317832557395e-06,21.8351961883251,5.0,2614.61644410764,48.90909090909091,5.7,30.08
Philippines,2013,7.749623649831254e-06,22.7402636854564,4.9,2781.27957670473,48.90909090909091,5.9,30.08
Philippines,2014,6.835342207997229e-06,20.3368824432152,4.7,2866.83803767919,48.90909090909091,6.2,30.08
Philippines,2015,6.464051019803533e-06,19.7079275985218,4.7,2909.85818014474,57.0,6.4,24.4
Philippines,2016,7.2380614145193585e-06,19.9069716374648,4.7,2985.19564020101,48.90909090909091,6.7,30.08
Philippines,2017,7.433978866340936e-06,18.3327018141416,4.9,3038.12124955619,60.0,7.0,30.08
Poland,2000,1.7634334084822602e-05,25.7907754089004,8.1,4520.64100449111,66.0,17.9,38.9
Poland,2001,1.67185962221638e-05,26.0449129857227,8.1,5015.23790036613,76.0,18.3,30.930769230769233
Poland,2002,1.651187478510459e-05,26.5398574522192,8.3,5223.45178967082,76.0,18.9,30.930769230769233
Poland,2003,1.4496340773777269e-05,27.1048298406849,8.8,5720.81366178104,76.0,19.4,30.930769230769233
Poland,2004,1.521986580348451e-05,27.5690511834146,9.1,6711.72715262967,76.0,19.9,30.930769230769233
Poland,2005,1.6253472988780573e-05,27.7617425127035,9.3,8043.92332253757,71.0,20.5,34.6
Poland,2006,1.692531765922301e-05,27.7200391553045,9.7,9068.85528307627,76.0,21.0,30.930769230769233
Poland,2007,1.4341299695982858e-05,27.6048215747412,10.3,11272.5293683383,76.0,21.6,33.0
Poland,2008,1.4858103288630887e-05,27.4309285084638,10.5,14048.5604672654,76.0,22.2,30.930769230769233
Poland,2009,1.4806422929366086e-05,27.2131986939225,10.3,11556.3026866026,76.0,22.8,30.930769230769233
Poland,2010,1.4534675473730023e-05,26.9664708685675,10.2,12567.7317676382,75.0,23.5,30.9
Poland,2011,1.5607468497970533e-05,26.5458489052773,10.2,13867.6669408192,76.0,24.1,30.930769230769233
Poland,2012,1.4418820234880062e-05,24.1304928281428,10.4,13087.420943321,76.0,24.7,30.930769230769233
Poland,2013,1.50389845460577e-05,23.1892115212622,10.5,13621.9023794031,76.0,25.4,30.930769230769233
Poland,2014,1.6563555144369392e-05,23.433827803997,10.6,14262.2841914116,76.0,26.0,30.930769230769233
Poland,2015,1.5121982522515802e-05,22.4139830731908,10.4,12637.5220324406,80.0,26.7,27.6
Poland,2016,1.6589395324001792e-05,21.2485092459447,10.5,12464.0110508476,76.0,27.4,30.930769230769233
Poland,2017,1.472890239046888e-05,22.2631718698092,10.5,13913.3402919927,82.0,28.2,30.930769230769233
Slovenia,2000,0.0004555673198984,20.7629407401817,11.4,10135.7219109212,73.0,15.5,25.7
Slovenia,2001,0.0004025729297902,20.9341970231562,11.4,10375.6255869861,78.27272727272727,15.8,23.418181818181814
Slovenia,2002,0.0004235301162079,21.268223162792,11.0,11639.1297780477,78.27272727272727,16.1,23.418181818181814
Slovenia,2003,0.0004649571126149,21.6496505670105,10.5,14711.674874253,78.27272727272727,16.4,23.418181818181814
Slovenia,2004,0.0004639823597583,21.9631106437327,10.9,17103.8297783905,78.27272727272727,16.6,23.418181818181814
Slovenia,2005,0.0004362019033442,22.0932348008799,11.2,17969.7095907161,74.0,16.9,24.3
Slovenia,2006,0.0004698308768981,21.7654811995932,11.5,19563.005059144,78.27272727272727,17.1,23.418181818181814
Slovenia,2007,0.0004508231961937,20.9839149196018,11.4,23725.1596001515,78.27272727272727,17.3,23.7
Slovenia,2008,0.000440588291199,20.0510777467089,10.8,27461.9764165315,78.27272727272727,17.5,23.418181818181814
Slovenia,2009,0.0004366892797725,19.2695114667176,10.6,24501.7897290425,78.27272727272727,17.7,23.418181818181814
Slovenia,2010,0.0004457328733097,18.9417578654309,10.5,23329.8417691156,77.0,17.9,23.0
Slovenia,2011,0.000431328139061,20.6973508722527,10.6,24940.6284841605,78.27272727272727,18.1,23.418181818181814
Slovenia,2012,0.0004630076069016,18.3430191214734,10.4,22442.1417859955,78.27272727272727,18.4,23.418181818181814
Slovenia,2013,0.0004751920176096,18.16324478528,10.5,23236.9655321695,78.27272727272727,18.6,23.418181818181814
Slovenia,2014,0.0004649571126149,17.79704248843,10.6,24013.0682060959,78.27272727272727,18.9,23.418181818181814
Slovenia,2015,0.0005012345845135,17.7209260643327,11.0,20697.2748530619,81.0,19.2,21.8
Slovenia,2016,0.0005487858582855,16.4517774590328,10.7,21447.8377796036,78.27272727272727,19.5,23.418181818181814
Slovenia,2017,0.0005210054018714,16.502696435309,10.2,23303.077705959,83.0,19.9,23.418181818181814
South Korea,2000,0.0002215283636132,25.4379884924397,10.4,12257.0206622345,73.0,2.3,35.2
South Korea,2001,0.0002236397270837,25.3445724763114,10.4,11561.2071745115,82.5,2.5,27.23846153846154
South Korea,2002,0.0002291228716453,25.1965130774737,10.2,13165.08362497,82.5,2.6,27.23846153846154
South Korea,2003,0.0002309169887997,24.9988034168125,9.5,14672.8057539465,82.5,2.7,27.23846153846154
South Korea,2004,0.0002469229328509,24.756436615214,9.3,16496.1316167114,82.5,2.8,27.23846153846154
South Korea,2005,0.000254401780764,24.4744057935641,9.0,19402.5026259549,77.0,3.0,30.9
South Korea,2006,0.000263291732057,23.9837806396341,9.0,21743.4774514254,82.5,3.1,27.23846153846154
South Korea,2007,0.0002674242490979,23.2554477166084,9.1,24086.4104391677,82.5,3.3,29.4
South Korea,2008,0.0002784913313197,22.504125458493,9.1,21350.427979823,82.5,3.4,27.23846153846154
South Korea,2009,0.0002869176343593,21.9445322992938,9.1,19143.8516053025,82.5,3.6,27.23846153846154
South Korea,2010,0.000302378204579,21.7913866730167,8.9,23079.2601257735,82.0,3.7,27.0
South Korea,2011,0.0003079833919582,24.8830450375162,8.9,25097.595426845,82.5,3.9,27.23846153846154
South Korea,2012,0.0003049394403817,25.5767916080653,8.9,25459.1689000965,82.5,4.1,27.23846153846154
South Korea,2013,0.0003189093638421,27.4929658439861,8.6,27179.5170146052,82.5,4.3,27.23846153846154
South Korea,2014,0.0003249166325162,28.3760075385872,8.4,29252.9312377352,82.5,4.5,27.23846153846154
South Korea,2015,0.0003161915756202,26.2899620146574,8.1,28737.4391706499,86.0,4.7,23.8
South Korea,2016,0.0003430795488767,26.6704344134095,8.0,29280.4403170048,82.5,4.9,27.23846153846154
South Korea,2017,0.0003517275967331,26.0043671138493,7.9,31600.7358741365,88.0,5.2,27.23846153846154
Spain,2000,6.092045705266092e-05,16.0217993612102,11.4,14743.2671031455,69.0,19.8,35.0
Spain,2001,5.569321780581376e-05,15.8475793759903,11.4,15368.2337984435,78.9090909090909,20.2,31.707692307692312
Spain,2002,5.699559586786014e-05,15.5644729498625,11.2,17111.0685058941,78.9090909090909,20.6,31.707692307692312
Spain,2003,5.509721428589423e-05,15.2122004417795,10.9,21522.0170990262,78.9090909090909,21.0,31.707692307692312
Spain,2004,5.933546153865533e-05,14.8304822106943,11.4,24925.0267844576,78.9090909090909,21.3,31.707692307692312
Spain,2005,6.085858164511634e-05,14.4590386155595,11.7,26450.9530130382,74.0,21.5,33.3
Spain,2006,6.240377595601882e-05,14.0220409091183,11.6,28421.686527407,78.9090909090909,21.7,31.707692307692312
Spain,2007,6.428008333354327e-05,13.490557436925,11.1,32652.015594702,78.9090909090909,21.8,32.8
Spain,2008,6.611224230218478e-05,12.9746541971488,10.4,35603.248328071,78.9090909090909,21.9,31.707692307692312
Spain,2009,6.423593492466034e-05,12.584397187959,9.7,32279.8208476151,78.9090909090909,21.9,31.707692307692312
Spain,2010,6.587540033047636e-05,12.4298524075247,9.1,30658.7422282912,78.0,21.9,31.7
Spain,2011,6.714972991093359e-05,13.4200482874381,8.6,31824.6219134777,78.9090909090909,21.8,31.707692307692312
Spain,2012,7.063745421268491e-05,12.0395432976255,8.5,28456.4438151477,78.9090909090909,21.7,31.707692307692312
Spain,2013,7.441214317217527e-05,11.2505956077366,8.2,29218.9105170888,78.9090909090909,21.5,31.707692307692312
Spain,2014,7.288902306571424e-05,10.5798592110443,8.8,29694.8874886229,78.9090909090909,21.3,31.707692307692312
Spain,2015,7.294641623754919e-05,11.2555313002962,9.6,25969.8383138327,85.0,21.1,30.3
Spain,2016,7.5493779189807e-05,10.338836110853,10.7,26740.6851818829,78.9090909090909,20.8,31.707692307692312
Sweden,2000,0.0002280453380735,9.69526031154178,6.5,29632.7736101599,72.0,13.3,46.5
Sweden,2001,0.0002145023717352,9.49612942440913,6.5,27259.4806735435,81.14285714285714,13.6,31.825000000000003
Sweden,2002,0.0002167463337791,9.22155824913309,6.8,29957.9387652616,81.14285714285714,14.0,31.825000000000003
Sweden,2003,0.0002219482457898,8.91945432965492,6.8,37292.4214343004,81.14285714285714,14.3,31.825000000000003
Sweden,2004,0.0002389819576679,8.6377252099159,6.6,42758.2015503417,81.14285714285714,14.7,31.825000000000003
Sweden,2005,0.0002334740508331,8.4242784338573,6.6,43378.6152117149,76.0,14.9,39.4
Sweden,2006,0.0002349020266791,8.25715564450449,6.8,46531.6001120572,81.14285714285714,15.2,31.825000000000003
Sweden,2007,0.0002473458161949,8.09484166609447,6.9,53568.5645523213,81.14285714285714,15.3,36.9
Sweden,2008,0.0002497937747882,7.955908814386,7.1,55817.4392710726,81.14285714285714,15.5,31.825000000000003
Sweden,2009,0.0002575456436669,7.85892940513784,7.2,46707.8673215418,81.14285714285714,15.6,31.825000000000003
Sweden,2010,0.0002794794008652,7.82247575410873,7.3,52542.8274141037,81.0,15.7,33.4
Sweden,2011,0.000270601422831,7.91243933234096,7.3,60379.7748160321,81.14285714285714,15.7,31.825000000000003
Sweden,2012,0.0002694794418091,6.6090550437011,7.3,57749.8251328664,81.14285714285714,15.8,31.825000000000003
Sweden,2013,0.0002668274866664,6.56222856877152,7.3,60844.2767113975,81.14285714285714,15.8,31.825000000000003
Sweden,2014,0.0002784552899844,6.77228861428546,7.2,59583.7140001673,81.14285714285714,15.8,31.825000000000003
Sweden,2015,0.0002853995731088,6.30260504424704,7.2,51197.9529341175,84.0,15.9,28.3
Sweden,2016,0.0002804952554788,5.69783329212579,7.1,51820.3972482676,81.14285714285714,15.9,31.825000000000003
Sweden,2017,0.0002744773572703,6.06180356722068,7.1,53300.8587281785,85.0,16.0,31.825000000000003
Sweden,2018,0.0002865131536873,6.29086232136503,7.1,54181.9069780904,81.14285714285714,16.1,31.825000000000003
Sweden,2019,0.0002617275729304,6.06869269595507,7.1,51773.0464558993,85.0,16.1,31.825000000000003
Sweden,2020,0.0002375356701326,5.63670790600148,7.5,52653.7565934247,81.14285714285714,16.2,24.1
Sweden,2021,0.0002403079352393,7.538011125178941,7.014285714285714,61174.9680215622,85.0,16.3,23.3
Sweden,2022,0.0002129989657179,7.538011125178941,7.014285714285714,55296.9371472535,81.14285714285714,16.4,22.7
Switzerland,2000,9.551578454033864e-05,16.3078475386111,11.1,38865.021939688,75.0,12.0,28.3
Switzerland,2001,8.981801328715524e-05,15.9380919403534,11.1,39638.7911061864,82.0,12.2,26.923076923076923
Switzerland,2002,8.706592931456831e-05,15.5090403870949,10.9,42458.7384679187,82.0,12.4,26.923076923076923
Switzerland,2003,9.144424472550206e-05,15.0665117216973,10.7,49335.7456291067,82.0,12.6,26.923076923076923
Switzerland,2004,8.969291856112856e-05,14.6563247870221,10.5,54659.4571488233,82.0,12.8,26.923076923076923
Switzerland,2005,9.382104452000896e-05,14.3242984259311,10.3,56242.8933645639,79.0,13.0,27.6
Switzerland,2006,9.782407575286269e-05,14.0354502149848,10.3,59011.0324592016,82.0,13.1,26.923076923076923
Switzerland,2007,9.682331794464924e-05,13.7482163874631,10.3,64989.1553256031,82.0,13.2,27.3
Switzerland,2008,9.632293904054253e-05,13.4985437713066,10.3,74175.1927898555,82.0,13.3,26.923076923076923
Switzerland,2009,9.144424472550206e-05,13.3223791944562,10.1,71568.3123885672,82.0,13.3,26.923076923076923
Switzerland,2010,0.0001015029207657,13.2556694848526,10.0,76531.3729407691,82.0,13.3,26.9
Switzerland,2011,9.94503071912095e-05,13.864731836329,10.0,90476.7589651577,82.0,13.3,26.923076923076923
Switzerland,2012,0.0001005761597254,12.6827485821719,9.9,85836.2076767359,82.0,13.3,26.923076923076923
Switzerland,2013,0.0001039537173281,12.4432960759198,9.7,87304.3305813557,82.0,13.3,26.923076923076923
Switzerland,2014,0.000108206938013,10.6156284957703,9.7,88724.9909402638,82.0,13.3,26.923076923076923
Switzerland,2015,0.0001039637602375,11.7226082380351,9.5,83806.4476003837,84.0,13.3,26.4
Switzerland,2016,0.0001097080747253,10.6566460014216,9.4,82153.0745447889,82.0,13.4,26.923076923076923
Switzerland,2017,0.0001112092114377,9.91481464472654,9.2,82254.3769269767,86.0,13.4,26.923076923076923
Thailand,2000,1.4841452614785672e-05,40.3912275638682,7.2,2005.97694514234,43.0,5.9,26.2
Thailand,2001,1.4670327609394384e-05,40.3506543167023,7.2,1889.93432467144,65.4,6.2,23.56
Thailand,2002,1.5503530800191633e-05,40.4326952705377,7.5,2089.75183111554,65.4,6.5,23.56
Thailand,2003,1.496790017753626e-05,40.5281267680848,7.7,2347.54001286066,65.4,6.8,23.56
Thailand,2004,1.4149575615146103e-05,40.5277251520537,8.0,2641.56268717857,65.4,7.1,23.56
Thailand,2005,1.5920132395590256e-05,40.3222667651549,8.1,2867.70383436062,59.0,7.5,24.4
Thailand,2006,1.654503478868819e-05,39.7521062500821,8.1,3331.32043511773,65.4,7.8,23.56
Thailand,2007,1.5756467483112225e-05,38.7509301612035,7.4,3918.52817434581,65.4,8.2,23.5
Thailand,2008,1.5354744516120696e-05,37.3495127087413,6.7,4309.13509292986,65.4,8.6,23.56
Thailand,2009,1.6158190450103754e-05,35.5786281029176,6.1,4135.43986952819,65.4,8.9,23.56
Thailand,2010,1.7049826609561855e-05,33.4690505539545,6.3,4973.86288823778,68.0,9.3,22.6
Thailand,2011,1.7437752493113813e-05,29.0591951880929,6.6,5373.6232832898,65.4,9.7,23.56
Thailand,2012,1.8375106082760716e-05,31.5886298984382,6.8,5725.52802835463,65.4,10.1,23.56
Thailand,2013,1.7973383115769187e-05,34.4883511418629,6.9,6018.08244729255,65.4,10.5,23.56
Thailand,2014,1.8568528252052933e-05,29.9705384622081,6.9,5801.1978916205,65.4,10.9,23.56
Thailand,2015,1.8635909203403507e-05,28.1544413826202,7.0,5688.85335397884,76.0,11.3,21.1
Thailand,2016,1.786923271691953e-05,30.3985996204755,7.1,5833.57715617098,65.4,11.7,23.56
Thailand,2017,1.775020368966278e-05,27.1006744719071,6.8,6413.09182530343,81.0,12.2,23.56
The Netherlands,2000,0.0004201486433066,19.1568334196667,9.9,26225.1697734149,75.0,12.5,34.5
The Netherlands,2001,0.0004022271111735,18.809077267801,9.9,26955.7128032278,81.16666666666667,13.0,27.646153846153844
The Netherlands,2002,0.0004108765151658,18.4175601180365,9.7,29446.5330872868,81.16666666666667,13.4,27.646153846153844
The Netherlands,2003,0.0004165433660573,18.0181068887099,9.6,35896.7504630706,81.16666666666667,13.8,27.646153846153844
The Netherlands,2004,0.0004356317059024,17.646542498158,9.5,40611.3414353091,81.16666666666667,14.1,27.646153846153844
The Netherlands,2005,0.0004365264718327,17.3386918647178,9.5,42165.396168388,78.0,14.5,30.7
The Netherlands,2006,0.0004554955095537,17.0873539526835,9.5,45123.5432406426,81.16666666666667,14.8,27.646153846153844
The Netherlands,2007,0.000463846658236,16.8600537860816,9.5,52100.7996285947,81.16666666666667,15.1,29.5
The Netherlands,2008,0.0004754189642671,16.6547053728472,9.4,58246.7026905874,81.16666666666667,15.3,27.646153846153844
The Netherlands,2009,0.0004810261640966,16.4692227209156,9.2,53172.0261581418,81.16666666666667,15.5,27.646153846153844
The Netherlands,2010,0.0004977398003359,16.3015198382221,9.1,51305.7338533973,80.0,15.6,27.7
The Netherlands,2011,0.0005033953123526,16.1617295903622,9.1,54701.7728030611,81.16666666666667,15.8,27.646153846153844
The Netherlands,2012,0.0005010689209339,14.3672482834675,8.9,50473.9442002689,81.16666666666667,15.9,27.646153846153844
The Netherlands,2013,0.0005175326140503,13.2849780292156,8.7,52602.2860520766,81.16666666666667,15.9,27.646153846153844
The Netherlands,2014,0.0005257644606085,12.61325866781,8.4,53457.2234864322,81.16666666666667,16.0,27.646153846153844
The Netherlands,2015,0.0005432158838037,13.1341450114978,8.3,45793.8135434697,84.0,16.1,24.7
The Netherlands,2016,0.0005554110384305,11.9585215795702,8.3,46808.5291492503,81.16666666666667,16.2,27.646153846153844
The Netherlands,2017,0.0005518319747095,12.7176558041706,8.3,49513.6817346384,85.0,16.3,27.646153846153844
Trkiye,2000,2.501811356654468e-05,22.4972966388602,1.6,4192.44316738494,57.0,21.9,33.8
Trkiye,2001,2.0630999773363212e-05,22.393302857514,1.6,3045.55413956926,68.0,22.6,32.46
Trkiye,2002,2.334123834948867e-05,22.1453932674278,1.6,3583.19745897158,68.0,23.2,32.46
Trkiye,2003,2.3313582853813924e-05,21.8495187095391,1.5,4637.88218501529,68.0,23.8,32.46
Trkiye,2004,2.638334287371113e-05,21.6016300247851,1.4,5960.77898909049,68.0,24.4,32.46
Trkiye,2005,2.6590759091271755e-05,21.4976780541033,1.3,7303.01388860245,64.0,25.0,32.8
Trkiye,2006,2.862343802336585e-05,21.8239657844295,1.3,7953.07848024969,68.0,25.5,32.46
Trkiye,2007,2.899678721497497e-05,22.6020633334284,1.3,9711.22376120832,68.0,26.1,32.4
Trkiye,2008,3.0351906503037705e-05,23.5308222381306,1.4,10843.5036940489,68.0,26.6,32.46
Trkiye,2009,2.974348559819321e-05,24.3090940355664,1.4,9012.99945793034,68.0,27.1,32.46
Trkiye,2010,2.9769652701274924e-05,24.6357302627663,1.4,10622.7020439723,66.0,27.6,32.0
Trkiye,2011,2.9536069380632587e-05,23.7473685846179,1.5,11300.7852215681,68.0,28.2,32.46
Trkiye,2012,3.0531667224923576e-05,23.2440162263121,1.4,11713.2849831139,68.0,28.7,32.46
Trkiye,2013,3.1969753000010556e-05,23.5023978223691,1.4,12578.1878632,68.0,29.1,32.46
Trkiye,2014,3.3366355531585406e-05,23.4874858374985,1.3,12165.220135038,68.0,29.6,32.46
Trkiye,2015,2.9769162306821553e-05,24.5603763797256,1.3,11049.9951100942,76.0,30.1,31.3
Trkiye,2016,3.650525429066949e-05,23.83379270795,1.3,10970.0458948862,68.0,30.7,32.46
Trkiye,2017,3.826137826601609e-05,22.1031402126985,1.3,10695.550196231,77.0,31.3,32.46
USA,2000,3.71567058378068e-05,12.756295073002,8.3,36329.9702595751,78.0,27.9,31.5
USA,2001,3.353129038696931e-05,12.6049538802777,8.3,37133.6203973517,83.08333333333333,28.9,27.884615384615383
USA,2002,3.339427190491669e-05,12.4353763769804,8.3,37997.7424300242,83.08333333333333,29.9,27.884615384615383
USA,2003,3.395509173843438e-05,12.2408284111277,8.4,39490.3023903176,83.08333333333333,30.9,27.884615384615383
USA,2004,3.2702806542e-05,12.0145758307373,8.5,41724.6411982614,83.08333333333333,31.8,27.884615384615383
USA,2005,3.332735590205379e-05,11.7498844838268,8.6,44123.3996470026,81.0,32.7,29.6
USA,2006,3.318077799102076e-05,11.309448518998,8.6,46301.9876485519,83.08333333333333,33.6,27.884615384615383
USA,2007,3.35886469608518e-05,10.6730029423263,8.7,48050.227412195,83.08333333333333,34.4,29.0
USA,2008,3.3451628478799183e-05,10.0093748880401,8.7,48570.0594269601,83.08333333333333,35.1,27.884615384615383
USA,2009,3.4031567170277696e-05,9.48739149036763,8.7,47194.9500893872,83.08333333333333,35.8,27.884615384615383
USA,2010,3.299989110903591e-05,9.27587988353719,8.6,48650.6643227232,83.0,36.5,27.9
USA,2011,3.343569609716516e-05,9.36462744857706,8.7,50065.9789470675,83.08333333333333,37.0,27.884615384615383
USA,2012,3.360776581881263e-05,9.01055428019472,8.8,51784.4114692048,83.08333333333333,37.6,27.884615384615383
USA,2013,3.412078850742824e-05,8.74620817680451,8.8,53409.7507774372,83.08333333333333,38.1,27.884615384615383
USA,2014,3.443943614010874e-05,8.5101265108009,8.8,55304.3155317137,83.08333333333333,38.6,27.884615384615383
USA,2015,3.3418792777163785e-05,8.19074183499752,8.8,57040.2082136605,85.0,39.2,26.3
USA,2016,3.505123959485531e-05,7.40835009300858,8.9,58206.6141931844,83.08333333333333,39.7,27.884615384615383
USA,2017,3.4965204734031576e-05,7.79040584360488,8.9,60322.2614241747,86.0,40.2,27.884615384615383
Uganda,2000,4.57938418689516e-07,33.2213088306491,14.0,258.050338731086,22.0,1.6,25.8
Uganda,2001,4.795407610765844e-07,32.9681223741883,14.0,236.021188853993,35.0,1.7,17.580000000000002
Uganda,2002,5.754489132919012e-07,32.364309878136,13.7,241.984688408335,35.0,1.9,17.580000000000002
Uganda,2003,4.4757137700481204e-07,31.6434916524877,13.4,250.71543664681,35.0,2.0,17.580000000000002
Uganda,2004,6.393876814354458e-07,31.0392880072388,13.2,292.38185796262,35.0,2.1,17.580000000000002
Uganda,2005,5.754489132919012e-07,30.7853192523847,13.1,330.405402707025,28.0,2.3,19.3
Uganda,2006,7.352958336507627e-07,30.8486426919378,13.0,346.518255310647,35.0,2.4,17.580000000000002
Uganda,2007,8.312039858660796e-07,31.0457522951455,11.5,401.389130865581,35.0,2.6,17.2
Uganda,2008,7.992346017943072e-07,31.3844233698563,10.0,472.842681495852,35.0,2.7,17.580000000000002
Uganda,2009,4.156019929330398e-07,31.8724312239187,8.7,798.947089938247,35.0,2.9,17.580000000000002
Uganda,2010,4.947169180323327e-07,32.517551165181,8.6,823.488144282,36.0,3.1,14.6
Uganda,2011,5.115101451483566e-07,35.0271400705232,8.5,835.620060555838,35.0,3.3,17.580000000000002
Uganda,2012,4.795407610765844e-07,35.8905665839316,8.1,795.222867553127,35.0,3.5,17.580000000000002
Uganda,2013,9.271121380813964e-07,34.8200496489628,7.9,818.285427416713,35.0,3.7,17.580000000000002
Uganda,2014,9.590815221531687e-07,34.111616669843,7.8,896.054795546394,35.0,3.9,17.580000000000002
Uganda,2015,8.00483363874442e-07,36.4158643204587,7.7,862.934610355811,43.0,4.2,11.0
Uganda,2016,9.271121380813964e-07,35.1867637433366,7.3,752.696571725656,35.0,4.5,17.580000000000002
Uganda,2017,4.156019929330398e-07,32.2396992843572,7.0,765.218332297361,46.0,4.8,17.580000000000002
