country_name,year,population,cancer_name,new_cases/deaths,total_cases,cumulative_risk,measure,air_pollution,alcohol_use,gdp_per_capita,uhc_index,obesity_rate,tobacco_use,rate
Portugal,2000,10300626,Head and neck,461,9600367.0,0.4033593016,Mortality,13.9602733944466,12.6,11526.3720667968,74.0,16.4,26.0,4.475456151888244e-05
Portugal,2001,10364704,Head and neck,465,9647696.0,0.4015963715,Mortality,13.849569678602,12.6,11734.7649743954,84.0,16.8,25.65,4.486380015992352e-05
Portugal,2002,10364704,Head and neck,474,9684678.0,0.4019976115,Mortality,13.6900462729622,12.4,12936.6928204482,84.0,17.3,25.65,4.5732131775922045e-05
Portugal,2003,10364704,Head and neck,488,9706126.0,0.4115671108,Mortality,13.4896924274961,12.3,15797.7821340276,84.0,17.8,25.65,4.708286984525308e-05
Portugal,2004,10364704,Head and neck,485,9703550.0,0.4055028329,Mortality,13.2564973921723,12.2,18064.1580932987,84.0,18.4,25.65,4.679342597325357e-05
Portugal,2005,10364704,Head and neck,490,9700970.0,0.4057213964,Mortality,12.9984504169596,12.0,18780.12751241,80.0,18.9,25.7,4.727583242658608e-05
Portugal,2006,10364704,Head and neck,492,9698396.0,0.4039214053,Mortality,12.5977447886636,11.8,19839.4540499032,84.0,19.4,25.65,4.746879500791908e-05
Portugal,2007,10364704,Head and neck,502,9695819.0,0.4082986365,Mortality,12.0295102444563,11.6,22811.0564844365,84.0,19.9,25.7,4.8433607914584105e-05
Portugal,2008,10364704,Head and neck,552,9684487.0,0.4395675144,Mortality,11.4411407098565,11.5,24949.0413566739,84.0,20.4,25.65,5.325767244790921e-05
Portugal,2009,10364704,Head and neck,551,9669620.0,0.4357317354,Mortality,10.9800301103829,11.4,23151.2154130712,84.0,20.9,25.65,5.316119115724271e-05
Portugal,2010,10588401,Head and neck,529,9644186.0,0.4166152195,Mortality,10.7935723715541,11.2,22551.935098809,84.0,21.4,25.5,4.9960329231958634e-05
Portugal,2011,10364704,Head and neck,604,9594798.0,0.4764494349,Mortality,11.5157580200238,10.6,23246.5425416481,84.0,21.9,25.65,5.827469956256733e-05
Portugal,2012,10364704,Head and neck,578,9527327.0,0.4558299208,Mortality,10.1151524382993,10.0,20593.4274224109,84.0,22.3,25.65,5.576618600523827e-05
Portugal,2013,10364704,Head and neck,534,9450675.0,0.4116466753,Mortality,9.76832048738232,9.8,21676.4859642714,84.0,22.8,25.65,5.1521009215912176e-05
Portugal,2014,10364704,Head and neck,514,9375846.0,0.3940051376,Mortality,9.50576236832378,10.0,22120.6850127107,84.0,23.3,25.65,4.959138340258213e-05
Portugal,2015,10365435,Head and neck,553,9320414.0,0.4209272653,Mortality,9.64253451834766,10.3,19215.7813014347,87.0,23.7,25.5,5.3350390022222895e-05
Portugal,2016,10364704,Head and neck,635,9281762.0,0.4772003439,Mortality,8.83773210008347,10.3,19980.2808866516,84.0,24.2,25.65,6.12656195732289e-05
Portugal,2017,10364704,Head and neck,602,9251686.0,0.4498931683,Mortality,9.2551980440464,10.2,21442.3842768879,88.0,24.7,25.65,5.808173698123433e-05
Portugal,2018,10364704,Head and neck,606,9228523.0,0.4505033531,Mortality,9.02601451562929,10.2,23541.1401075289,84.0,25.2,25.65,5.846766214390034e-05
Portugal,2019,10364704,Head and neck,619,9222863.0,0.4575072181,Mortality,7.98256121876526,10.2,23343.3628970034,87.0,25.6,25.65,5.9721918922564865e-05
Portugal,2020,10298192,Head and neck,628,9222564.0,0.4587269774,Mortality,8.45242266236737,8.6,22299.4044062173,84.0,26.1,25.6,6.098157812555835e-05
Portugal,2021,10364704,Head and neck,644,9222265.0,0.4646387254,Mortality,11.10418972289623,11.038095238095238,24711.4510062111,88.0,26.6,25.6,6.213395118922742e-05
Portugal,2022,10270865,Head and neck,668,9221968.0,0.4762600612,Mortality,11.10418972289623,11.038095238095238,24620.519556875,84.0,27.1,25.6,6.503833902986749e-05
Portugal,2000,10300626,Oesophagus,367,9600367.0,0.335238091,Mortality,13.9602733944466,12.6,11526.3720667968,74.0,16.4,26.0,3.562890255407778e-05
Portugal,2001,10364704,Oesophagus,381,9647696.0,0.3384972266,Mortality,13.849569678602,12.6,11734.7649743954,84.0,16.8,25.65,3.675937174393734e-05
Portugal,2002,10364704,Oesophagus,382,9684678.0,0.336348396,Mortality,13.6900462729622,12.4,12936.6928204482,84.0,17.3,25.65,3.685585303460384e-05
Portugal,2003,10364704,Oesophagus,372,9706126.0,0.3297157226,Mortality,13.4896924274961,12.3,15797.7821340276,84.0,17.8,25.65,3.589104012793882e-05
Portugal,2004,10364704,Oesophagus,364,9703550.0,0.3202697367,Mortality,13.2564973921723,12.2,18064.1580932987,84.0,18.4,25.65,3.5119189802606805e-05
Portugal,2005,10364704,Oesophagus,364,9700970.0,0.3167354405,Mortality,12.9984504169596,12.0,18780.12751241,80.0,18.9,25.7,3.5119189802606805e-05
Portugal,2006,10364704,Oesophagus,362,9698396.0,0.3118586674,Mortality,12.5977447886636,11.8,19839.4540499032,84.0,19.4,25.65,3.4926227221273796e-05
Portugal,2007,10364704,Oesophagus,368,9695819.0,0.3132592346,Mortality,12.0295102444563,11.6,22811.0564844365,84.0,19.9,25.7,3.550511496527281e-05
Portugal,2008,10364704,Oesophagus,391,9684487.0,0.322396225,Mortality,11.4411407098565,11.5,24949.0413566739,84.0,20.4,25.65,3.772418465060237e-05
Portugal,2009,10364704,Oesophagus,380,9669620.0,0.3104960949,Mortality,10.9800301103829,11.4,23151.2154130712,84.0,20.9,25.65,3.666289045327084e-05
Portugal,2010,10588401,Oesophagus,378,9644186.0,0.3078661949,Mortality,10.7935723715541,11.2,22551.935098809,84.0,21.4,25.5,3.5699441303743594e-05
Portugal,2011,10364704,Oesophagus,397,9594798.0,0.3194673358,Mortality,11.5157580200238,10.6,23246.5425416481,84.0,21.9,25.65,3.830307239460138e-05
Portugal,2012,10364704,Oesophagus,396,9527327.0,0.3207620328,Mortality,10.1151524382993,10.0,20593.4274224109,84.0,22.3,25.65,3.820659110393488e-05
Portugal,2013,10364704,Oesophagus,390,9450675.0,0.3113000187,Mortality,9.76832048738232,9.8,21676.4859642714,84.0,22.8,25.65,3.762770335993586e-05
Portugal,2014,10364704,Oesophagus,397,9375846.0,0.3132935285,Mortality,9.50576236832378,10.0,22120.6850127107,84.0,23.3,25.65,3.830307239460138e-05
Portugal,2015,10365435,Oesophagus,353,9320414.0,0.2756604897,Mortality,9.64253451834766,10.3,19215.7813014347,87.0,23.7,25.5,3.405549308832673e-05
Portugal,2016,10364704,Oesophagus,366,9281762.0,0.2856253298,Mortality,8.83773210008347,10.3,19980.2808866516,84.0,24.2,25.65,3.531215238393981e-05
Portugal,2017,10364704,Oesophagus,380,9251686.0,0.2909121981,Mortality,9.2551980440464,10.2,21442.3842768879,88.0,24.7,25.65,3.666289045327084e-05
Portugal,2018,10364704,Oesophagus,407,9228523.0,0.3047547111,Mortality,9.02601451562929,10.2,23541.1401075289,84.0,25.2,25.65,3.92678853012664e-05
Portugal,2019,10364704,Oesophagus,382,9222863.0,0.2831109341,Mortality,7.98256121876526,10.2,23343.3628970034,87.0,25.6,25.65,3.685585303460384e-05
Portugal,2020,10298192,Oesophagus,373,9222564.0,0.2753737843,Mortality,8.45242266236737,8.6,22299.4044062173,84.0,26.1,25.6,3.621995006502112e-05
Portugal,2021,10364704,Oesophagus,371,9222265.0,0.2721819223,Mortality,11.10418972289623,11.038095238095238,24711.4510062111,88.0,26.6,25.6,3.579455883727232e-05
Portugal,2022,10270865,Oesophagus,372,9221968.0,0.2708451582,Mortality,11.10418972289623,11.038095238095238,24620.519556875,84.0,27.1,25.6,3.62189552681298e-05
Portugal,2000,10300626,Stomach,1491,9600367.0,1.385745838,Mortality,13.9602733944466,12.6,11526.3720667968,74.0,16.4,26.0,0.0001447484842183
Portugal,2001,10364704,Stomach,1448,9647696.0,1.33758149,Mortality,13.849569678602,12.6,11734.7649743954,84.0,16.8,25.65,0.000139704908885
Portugal,2002,10364704,Stomach,1404,9684678.0,1.277229668,Mortality,13.6900462729622,12.4,12936.6928204482,84.0,17.3,25.65,0.0001354597320957
Portugal,2003,10364704,Stomach,1374,9706126.0,1.239082365,Mortality,13.4896924274961,12.3,15797.7821340276,84.0,17.8,25.65,0.0001325652933757
Portugal,2004,10364704,Stomach,1325,9703550.0,1.184201595,Mortality,13.2564973921723,12.2,18064.1580932987,84.0,18.4,25.65,0.0001278377101331
Portugal,2005,10364704,Stomach,1289,9700970.0,1.14015563,Mortality,12.9984504169596,12.0,18780.12751241,80.0,18.9,25.7,0.0001243643836691
Portugal,2006,10364704,Stomach,1247,9698396.0,1.091954693,Mortality,12.5977447886636,11.8,19839.4540499032,84.0,19.4,25.65,0.0001203121694611
Portugal,2007,10364704,Stomach,1219,9695819.0,1.054575148,Mortality,12.0295102444563,11.6,22811.0564844365,84.0,19.9,25.7,0.0001176106933224
Portugal,2008,10364704,Stomach,1311,9684487.0,1.127236314,Mortality,11.4411407098565,11.5,24949.0413566739,84.0,20.4,25.65,0.0001264869720637
Portugal,2009,10364704,Stomach,1235,9669620.0,1.06644859,Mortality,10.9800301103829,11.4,23151.2154130712,84.0,20.9,25.65,0.0001191543939731
Portugal,2010,10588401,Stomach,1185,9644186.0,1.010215881,Mortality,10.7935723715541,11.2,22551.935098809,84.0,21.4,25.5,0.0001119149151982
Portugal,2011,10364704,Stomach,1204,9594798.0,1.014222292,Mortality,11.5157580200238,10.6,23246.5425416481,84.0,21.9,25.65,0.0001161634739624
Portugal,2012,10364704,Stomach,1179,9527327.0,0.9833537613,Mortality,10.1151524382993,10.0,20593.4274224109,84.0,22.3,25.65,0.0001137514416958
Portugal,2013,10364704,Stomach,1133,9450675.0,0.9442146789,Mortality,9.76832048738232,9.8,21676.4859642714,84.0,22.8,25.65,0.0001093133023251
Portugal,2014,10364704,Stomach,1102,9375846.0,0.9056385194,Mortality,9.50576236832378,10.0,22120.6850127107,84.0,23.3,25.65,0.0001063223823144
Portugal,2015,10365435,Stomach,1160,9320414.0,0.935321577,Mortality,9.64253451834766,10.3,19215.7813014347,87.0,23.7,25.5,0.0001119104022165
Portugal,2016,10364704,Stomach,1038,9281762.0,0.8326532116,Mortality,8.83773210008347,10.3,19980.2808866516,84.0,24.2,25.65,0.0001001475797118
Portugal,2017,10364704,Stomach,1125,9251686.0,0.884386139,Mortality,9.2551980440464,10.2,21442.3842768879,88.0,24.7,25.65,0.0001085414519998
Portugal,2018,10364704,Stomach,1104,9228523.0,0.8623490276,Mortality,9.02601451562929,10.2,23541.1401075289,84.0,25.2,25.65,0.0001065153448958
Portugal,2019,10364704,Stomach,1059,9222863.0,0.8153388397,Mortality,7.98256121876526,10.2,23343.3628970034,87.0,25.6,25.65,0.0001021736868158
Portugal,2020,10298192,Stomach,1015,9222564.0,0.7685973451,Mortality,8.45242266236737,8.6,22299.4044062173,84.0,26.1,25.6,9.856099012331484e-05
Portugal,2021,10364704,Stomach,978,9222265.0,0.7292688497,Mortality,11.10418972289623,11.038095238095238,24711.4510062111,88.0,26.6,25.6,9.435870227183916e-05
Portugal,2022,10270865,Stomach,947,9221968.0,0.6965049683,Mortality,11.10418972289623,11.038095238095238,24620.519556875,84.0,27.1,25.6,9.220255548096484e-05
Portugal,2000,10300626,Colon,1068,9600367.0,1.014221952,Mortality,13.9602733944466,12.6,11526.3720667968,74.0,16.4,26.0,0.0001036830188767
Portugal,2001,10364704,Colon,1144,9647696.0,1.079664195,Mortality,13.849569678602,12.6,11734.7649743954,84.0,16.8,25.65,0.0001103745965224
Portugal,2002,10364704,Colon,1158,9684678.0,1.075443688,Mortality,13.6900462729622,12.4,12936.6928204482,84.0,17.3,25.65,0.0001117253345918
Portugal,2003,10364704,Colon,1146,9706126.0,1.059929386,Mortality,13.4896924274961,12.3,15797.7821340276,84.0,17.8,25.65,0.0001105675591038
Portugal,2004,10364704,Colon,1136,9703550.0,1.042511599,Mortality,13.2564973921723,12.2,18064.1580932987,84.0,18.4,25.65,0.0001096027461971
Portugal,2005,10364704,Colon,1133,9700970.0,1.030779855,Mortality,12.9984504169596,12.0,18780.12751241,80.0,18.9,25.7,0.0001093133023251
Portugal,2006,10364704,Colon,1127,9698396.0,1.017064413,Mortality,12.5977447886636,11.8,19839.4540499032,84.0,19.4,25.65,0.0001087344145811
Portugal,2007,10364704,Colon,1131,9695819.0,1.010754994,Mortality,12.0295102444563,11.6,22811.0564844365,84.0,19.9,25.7,0.0001091203397438
Portugal,2008,10364704,Colon,1147,9684487.0,1.021024054,Mortality,11.4411407098565,11.5,24949.0413566739,84.0,20.4,25.65,0.0001106640403944
Portugal,2009,10364704,Colon,1153,9669620.0,1.017382645,Mortality,10.9800301103829,11.4,23151.2154130712,84.0,20.9,25.65,0.0001112429281384
Portugal,2010,10588401,Colon,1164,9644186.0,1.013947519,Mortality,10.7935723715541,11.2,22551.935098809,84.0,21.4,25.5,0.0001099316129035
Portugal,2011,10364704,Colon,1188,9594798.0,1.035963385,Mortality,11.5157580200238,10.6,23246.5425416481,84.0,21.9,25.65,0.0001146197733118
Portugal,2012,10364704,Colon,1134,9527327.0,0.9736894529,Mortality,10.1151524382993,10.0,20593.4274224109,84.0,22.3,25.65,0.0001094097836158
Portugal,2013,10364704,Colon,1165,9450675.0,0.9956825648,Mortality,9.76832048738232,9.8,21676.4859642714,84.0,22.8,25.65,0.0001124007036264
Portugal,2014,10364704,Colon,1115,9375846.0,0.9426451094,Mortality,9.50576236832378,10.0,22120.6850127107,84.0,23.3,25.65,0.0001075766390931
Portugal,2015,10365435,Colon,1075,9320414.0,0.9032882648,Mortality,9.64253451834766,10.3,19215.7813014347,87.0,23.7,25.5,0.0001037100710196
Portugal,2016,10364704,Colon,1026,9281762.0,0.8390570543,Mortality,8.83773210008347,10.3,19980.2808866516,84.0,24.2,25.65,9.898980422383126e-05
Portugal,2017,10364704,Colon,1128,9251686.0,0.9118673951,Mortality,9.2551980440464,10.2,21442.3842768879,88.0,24.7,25.65,0.0001088308958718
Portugal,2018,10364704,Colon,998,9228523.0,0.7905955065,Mortality,9.02601451562929,10.2,23541.1401075289,84.0,25.2,25.65,9.62883280851692e-05
Portugal,2019,10364704,Colon,1010,9222863.0,0.7842540142,Mortality,7.98256121876526,10.2,23343.3628970034,87.0,25.6,25.65,9.744610357316724e-05
Portugal,2020,10298192,Colon,987,9222564.0,0.7536160824,Mortality,8.45242266236737,8.6,22299.4044062173,84.0,26.1,25.6,9.58420662578441e-05
Portugal,2021,10364704,Colon,970,9222265.0,0.7285366836,Mortality,11.10418972289623,11.038095238095238,24711.4510062111,88.0,26.6,25.6,9.358685194650714e-05
Portugal,2022,10270865,Colon,962,9221968.0,0.7116568065,Mortality,11.10418972289623,11.038095238095238,24620.519556875,84.0,27.1,25.6,9.36629972256475e-05
Portugal,2000,10300626,Rectum and anus,444,9600367.0,0.4297522561,Mortality,13.9602733944466,12.6,11526.3720667968,74.0,16.4,26.0,4.310417638694969e-05
Portugal,2001,10364704,Rectum and anus,524,9647696.0,0.4947620315,Mortality,13.849569678602,12.6,11734.7649743954,84.0,16.8,25.65,5.055619630924715e-05
Portugal,2002,10364704,Rectum and anus,500,9684678.0,0.4625397936,Mortality,13.6900462729622,12.4,12936.6928204482,84.0,17.3,25.65,4.82406453332511e-05
Portugal,2003,10364704,Rectum and anus,484,9706126.0,0.4488315814,Mortality,13.4896924274961,12.3,15797.7821340276,84.0,17.8,25.65,4.669694468258707e-05
Portugal,2004,10364704,Rectum and anus,476,9703550.0,0.4378044179,Mortality,13.2564973921723,12.2,18064.1580932987,84.0,18.4,25.65,4.5925094357255047e-05
Portugal,2005,10364704,Rectum and anus,477,9700970.0,0.4343007308,Mortality,12.9984504169596,12.0,18780.12751241,80.0,18.9,25.7,4.6021575647921554e-05
Portugal,2006,10364704,Rectum and anus,474,9698396.0,0.4275243463,Mortality,12.5977447886636,11.8,19839.4540499032,84.0,19.4,25.65,4.5732131775922045e-05
Portugal,2007,10364704,Rectum and anus,479,9695819.0,0.4274949037,Mortality,12.0295102444563,11.6,22811.0564844365,84.0,19.9,25.7,4.621453822925456e-05
Portugal,2008,10364704,Rectum and anus,561,9684487.0,0.4963501467,Mortality,11.4411407098565,11.5,24949.0413566739,84.0,20.4,25.65,5.4126004063907735e-05
Portugal,2009,10364704,Rectum and anus,516,9669620.0,0.449748106,Mortality,10.9800301103829,11.4,23151.2154130712,84.0,20.9,25.65,4.978434598391514e-05
Portugal,2010,10588401,Rectum and anus,560,9644186.0,0.4862417527,Mortality,10.7935723715541,11.2,22551.935098809,84.0,21.4,25.5,5.288806119073125e-05
Portugal,2011,10364704,Rectum and anus,513,9594798.0,0.4415706604,Mortality,11.5157580200238,10.6,23246.5425416481,84.0,21.9,25.65,4.949490211191563e-05
Portugal,2012,10364704,Rectum and anus,525,9527327.0,0.4511018413,Mortality,10.1151524382993,10.0,20593.4274224109,84.0,22.3,25.65,5.0652677599913654e-05
Portugal,2013,10364704,Rectum and anus,519,9450675.0,0.4408666342,Mortality,9.76832048738232,9.8,21676.4859642714,84.0,22.8,25.65,5.007378985591464e-05
Portugal,2014,10364704,Rectum and anus,514,9375846.0,0.4265651284,Mortality,9.50576236832378,10.0,22120.6850127107,84.0,23.3,25.65,4.959138340258213e-05
Portugal,2015,10365435,Rectum and anus,544,9320414.0,0.4495384455,Mortality,9.64253451834766,10.3,19215.7813014347,87.0,23.7,25.5,5.248211966019757e-05
Portugal,2016,10364704,Rectum and anus,571,9281762.0,0.4620498861,Mortality,8.83773210008347,10.3,19980.2808866516,84.0,24.2,25.65,5.509081697057276e-05
Portugal,2017,10364704,Rectum and anus,480,9251686.0,0.3798001537,Mortality,9.2551980440464,10.2,21442.3842768879,88.0,24.7,25.65,4.631101951992106e-05
Portugal,2018,10364704,Rectum and anus,552,9228523.0,0.4293133009,Mortality,9.02601451562929,10.2,23541.1401075289,84.0,25.2,25.65,5.325767244790921e-05
Portugal,2019,10364704,Rectum and anus,538,9222863.0,0.4134543114,Mortality,7.98256121876526,10.2,23343.3628970034,87.0,25.6,25.65,5.1906934378578187e-05
Portugal,2020,10298192,Rectum and anus,517,9222564.0,0.3901166171,Mortality,8.45242266236737,8.6,22299.4044062173,84.0,26.1,25.6,5.020298708744214e-05
Portugal,2021,10364704,Rectum and anus,506,9222265.0,0.3749098154,Mortality,11.10418972289623,11.038095238095238,24711.4510062111,88.0,26.6,25.6,4.881953307725011e-05
Portugal,2022,10270865,Rectum and anus,500,9221968.0,0.3646338892,Mortality,11.10418972289623,11.038095238095238,24620.519556875,84.0,27.1,25.6,4.8681391489421776e-05
Portugal,2000,10300626,Liver,301,9600367.0,0.2865513587,Mortality,13.9602733944466,12.6,11526.3720667968,74.0,16.4,26.0,2.922152498304472e-05
Portugal,2001,10364704,Liver,357,9647696.0,0.334027538,Mortality,13.849569678602,12.6,11734.7649743954,84.0,16.8,25.65,3.4443820767941285e-05
Portugal,2002,10364704,Liver,430,9684678.0,0.3947256308,Mortality,13.6900462729622,12.4,12936.6928204482,84.0,17.3,25.65,4.148695498659595e-05
Portugal,2003,10364704,Liver,430,9706126.0,0.394696144,Mortality,13.4896924274961,12.3,15797.7821340276,84.0,17.8,25.65,4.148695498659595e-05
Portugal,2004,10364704,Liver,427,9703550.0,0.3881916242,Mortality,13.2564973921723,12.2,18064.1580932987,84.0,18.4,25.65,4.119751111459644e-05
Portugal,2005,10364704,Liver,434,9700970.0,0.3892040942,Mortality,12.9984504169596,12.0,18780.12751241,80.0,18.9,25.7,4.187288014926196e-05
Portugal,2006,10364704,Liver,437,9698396.0,0.3872218005,Mortality,12.5977447886636,11.8,19839.4540499032,84.0,19.4,25.65,4.216232402126146e-05
Portugal,2007,10364704,Liver,452,9695819.0,0.394895324,Mortality,12.0295102444563,11.6,22811.0564844365,84.0,19.9,25.7,4.3609543381259e-05
Portugal,2008,10364704,Liver,471,9684487.0,0.4150955767,Mortality,11.4411407098565,11.5,24949.0413566739,84.0,20.4,25.65,4.5442687903922535e-05
Portugal,2009,10364704,Liver,521,9669620.0,0.4562486484,Mortality,10.9800301103829,11.4,23151.2154130712,84.0,20.9,25.65,5.026675243724765e-05
Portugal,2010,10588401,Liver,522,9644186.0,0.4512625954,Mortality,10.7935723715541,11.2,22551.935098809,84.0,21.4,25.5,4.929922846707449e-05
Portugal,2011,10364704,Liver,564,9594798.0,0.4796756102,Mortality,11.5157580200238,10.6,23246.5425416481,84.0,21.9,25.65,5.4415447935907245e-05
Portugal,2012,10364704,Liver,574,9527327.0,0.4846412155,Mortality,10.1151524382993,10.0,20593.4274224109,84.0,22.3,25.65,5.538026084257227e-05
Portugal,2013,10364704,Liver,574,9450675.0,0.4782905587,Mortality,9.76832048738232,9.8,21676.4859642714,84.0,22.8,25.65,5.538026084257227e-05
Portugal,2014,10364704,Liver,623,9375846.0,0.5135228571,Mortality,9.50576236832378,10.0,22120.6850127107,84.0,23.3,25.65,6.0107844085230875e-05
Portugal,2015,10365435,Liver,659,9320414.0,0.5430833349,Mortality,9.64253451834766,10.3,19215.7813014347,87.0,23.7,25.5,6.357668539718786e-05
Portugal,2016,10364704,Liver,678,9281762.0,0.5470802695,Mortality,8.83773210008347,10.3,19980.2808866516,84.0,24.2,25.65,6.54143150718885e-05
Portugal,2017,10364704,Liver,738,9251686.0,0.5807217484,Mortality,9.2551980440464,10.2,21442.3842768879,88.0,24.7,25.65,7.120319251187863e-05
Portugal,2018,10364704,Liver,719,9228523.0,0.554546471,Mortality,9.02601451562929,10.2,23541.1401075289,84.0,25.2,25.65,6.937004798921508e-05
Portugal,2019,10364704,Liver,737,9222863.0,0.5686873395,Mortality,7.98256121876526,10.2,23343.3628970034,87.0,25.6,25.65,7.110671122121213e-05
Portugal,2020,10298192,Liver,731,9222564.0,0.5539010109,Mortality,8.45242266236737,8.6,22299.4044062173,84.0,26.1,25.6,7.098333377354005e-05
Portugal,2021,10364704,Liver,730,9222265.0,0.5438828513,Mortality,11.10418972289623,11.038095238095238,24711.4510062111,88.0,26.6,25.6,7.043134218654661e-05
Portugal,2022,10270865,Liver,738,9221968.0,0.5408587889,Mortality,11.10418972289623,11.038095238095238,24620.519556875,84.0,27.1,25.6,7.185373383838655e-05
Portugal,2000,10300626,Gallbladder,132,9600367.0,0.1256891306,Mortality,13.9602733944466,12.6,11526.3720667968,74.0,16.4,26.0,1.2814755142066124e-05
Portugal,2001,10364704,Gallbladder,141,9647696.0,0.1320395459,Mortality,13.849569678602,12.6,11734.7649743954,84.0,16.8,25.65,1.3603861983976811e-05
Portugal,2002,10364704,Gallbladder,151,9684678.0,0.143358129,Mortality,13.6900462729622,12.4,12936.6928204482,84.0,17.3,25.65,1.4568674890641833e-05
Portugal,2003,10364704,Gallbladder,126,9706126.0,0.1191161118,Mortality,13.4896924274961,12.3,15797.7821340276,84.0,17.8,25.65,1.2156642623979278e-05
Portugal,2004,10364704,Gallbladder,125,9703550.0,0.1176472722,Mortality,13.2564973921723,12.2,18064.1580932987,84.0,18.4,25.65,1.2060161333312776e-05
Portugal,2005,10364704,Gallbladder,131,9700970.0,0.121772208,Mortality,12.9984504169596,12.0,18780.12751241,80.0,18.9,25.7,1.2639049077311788e-05
Portugal,2006,10364704,Gallbladder,135,9698396.0,0.124021775,Mortality,12.5977447886636,11.8,19839.4540499032,84.0,19.4,25.65,1.3024974239977795e-05
Portugal,2007,10364704,Gallbladder,146,9695819.0,0.1317950014,Mortality,12.0295102444563,11.6,22811.0564844365,84.0,19.9,25.7,1.408626843730932e-05
Portugal,2008,10364704,Gallbladder,140,9684487.0,0.1246972396,Mortality,11.4411407098565,11.5,24949.0413566739,84.0,20.4,25.65,1.3507380693310309e-05
Portugal,2009,10364704,Gallbladder,122,9669620.0,0.1067603719,Mortality,10.9800301103829,11.4,23151.2154130712,84.0,20.9,25.65,1.177071746131327e-05
Portugal,2010,10588401,Gallbladder,114,9644186.0,0.09985783909,Mortality,10.7935723715541,11.2,22551.935098809,84.0,21.4,25.5,1.076649817097029e-05
Portugal,2011,10364704,Gallbladder,116,9594798.0,0.1011367615,Mortality,11.5157580200238,10.6,23246.5425416481,84.0,21.9,25.65,1.1191829717314255e-05
Portugal,2012,10364704,Gallbladder,108,9527327.0,0.09469423177,Mortality,10.1151524382993,10.0,20593.4274224109,84.0,22.3,25.65,1.0419979391982238e-05
Portugal,2013,10364704,Gallbladder,117,9450675.0,0.102687601,Mortality,9.76832048738232,9.8,21676.4859642714,84.0,22.8,25.65,1.1288311007980758e-05
Portugal,2014,10364704,Gallbladder,132,9375846.0,0.1128879021,Mortality,9.50576236832378,10.0,22120.6850127107,84.0,23.3,25.65,1.2735530367978293e-05
Portugal,2015,10365435,Gallbladder,138,9320414.0,0.1142332976,Mortality,9.64253451834766,10.3,19215.7813014347,87.0,23.7,25.5,1.3313478884388354e-05
Portugal,2016,10364704,Gallbladder,145,9281762.0,0.1208322001,Mortality,8.83773210008347,10.3,19980.2808866516,84.0,24.2,25.65,1.398978714664282e-05
Portugal,2017,10364704,Gallbladder,116,9251686.0,0.09519367428,Mortality,9.2551980440464,10.2,21442.3842768879,88.0,24.7,25.65,1.1191829717314255e-05
Portugal,2018,10364704,Gallbladder,133,9228523.0,0.1061362196,Mortality,9.02601451562929,10.2,23541.1401075289,84.0,25.2,25.65,1.2832011658644794e-05
Portugal,2019,10364704,Gallbladder,149,9222863.0,0.1173582892,Mortality,7.98256121876526,10.2,23343.3628970034,87.0,25.6,25.65,1.4375712309308827e-05
Portugal,2020,10298192,Gallbladder,149,9222564.0,0.1154856346,Mortality,8.45242266236737,8.6,22299.4044062173,84.0,26.1,25.6,1.4468559141255089e-05
Portugal,2021,10364704,Gallbladder,153,9222265.0,0.1163458564,Mortality,11.10418972289623,11.038095238095238,24711.4510062111,88.0,26.6,25.6,1.4761637471974838e-05
Portugal,2022,10270865,Gallbladder,164,9221968.0,0.1223112313,Mortality,11.10418972289623,11.038095238095238,24620.519556875,84.0,27.1,25.6,1.596749640853034e-05
Portugal,2000,10300626,Pancreas,512,9600367.0,0.4915178414,Mortality,13.9602733944466,12.6,11526.3720667968,74.0,16.4,26.0,4.970571691468072e-05
Portugal,2001,10364704,Pancreas,557,9647696.0,0.5205553331,Mortality,13.849569678602,12.6,11734.7649743954,84.0,16.8,25.65,5.3740078901241725e-05
Portugal,2002,10364704,Pancreas,546,9684678.0,0.5089755573,Mortality,13.6900462729622,12.4,12936.6928204482,84.0,17.3,25.65,5.26787847039102e-05
Portugal,2003,10364704,Pancreas,563,9706126.0,0.5165378884,Mortality,13.4896924274961,12.3,15797.7821340276,84.0,17.8,25.65,5.4318966645240744e-05
Portugal,2004,10364704,Pancreas,561,9703550.0,0.5125160976,Mortality,13.2564973921723,12.2,18064.1580932987,84.0,18.4,25.65,5.4126004063907735e-05
Portugal,2005,10364704,Pancreas,568,9700970.0,0.5159782807,Mortality,12.9984504169596,12.0,18780.12751241,80.0,18.9,25.7,5.480137309857325e-05
Portugal,2006,10364704,Pancreas,570,9698396.0,0.5151346949,Mortality,12.5977447886636,11.8,19839.4540499032,84.0,19.4,25.65,5.499433567990626e-05
Portugal,2007,10364704,Pancreas,582,9695819.0,0.5217018457,Mortality,12.0295102444563,11.6,22811.0564844365,84.0,19.9,25.7,5.615211116790428e-05
Portugal,2008,10364704,Pancreas,561,9684487.0,0.4975218631,Mortality,11.4411407098565,11.5,24949.0413566739,84.0,20.4,25.65,5.4126004063907735e-05
Portugal,2009,10364704,Pancreas,616,9669620.0,0.5414167143,Mortality,10.9800301103829,11.4,23151.2154130712,84.0,20.9,25.65,5.9432475050565355e-05
Portugal,2010,10588401,Pancreas,665,9644186.0,0.5773365424,Mortality,10.7935723715541,11.2,22551.935098809,84.0,21.4,25.5,6.280457266399336e-05
Portugal,2011,10364704,Pancreas,671,9594798.0,0.5780865505,Mortality,11.5157580200238,10.6,23246.5425416481,84.0,21.9,25.65,6.473894603722298e-05
Portugal,2012,10364704,Pancreas,660,9527327.0,0.5671568548,Mortality,10.1151524382993,10.0,20593.4274224109,84.0,22.3,25.65,6.367765183989145e-05
Portugal,2013,10364704,Pancreas,654,9450675.0,0.5546057449,Mortality,9.76832048738232,9.8,21676.4859642714,84.0,22.8,25.65,6.309876409589245e-05
Portugal,2014,10364704,Pancreas,682,9375846.0,0.575201838,Mortality,9.50576236832378,10.0,22120.6850127107,84.0,23.3,25.65,6.58002402345545e-05
Portugal,2015,10365435,Pancreas,752,9320414.0,0.6322034398,Mortality,9.64253451834766,10.3,19215.7813014347,87.0,23.7,25.5,7.254881247144959e-05
Portugal,2016,10364704,Pancreas,745,9281762.0,0.6108847549,Mortality,8.83773210008347,10.3,19980.2808866516,84.0,24.2,25.65,7.187856154654415e-05
Portugal,2017,10364704,Pancreas,762,9251686.0,0.6106584858,Mortality,9.2551980440464,10.2,21442.3842768879,88.0,24.7,25.65,7.351874348787468e-05
Portugal,2018,10364704,Pancreas,843,9228523.0,0.6695620637,Mortality,9.02601451562929,10.2,23541.1401075289,84.0,25.2,25.65,8.133372803186136e-05
Portugal,2019,10364704,Pancreas,791,9222863.0,0.6191722116,Mortality,7.98256121876526,10.2,23343.3628970034,87.0,25.6,25.65,7.631670091720324e-05
Portugal,2020,10298192,Pancreas,802,9222564.0,0.6150168493,Mortality,8.45242266236737,8.6,22299.4044062173,84.0,26.1,25.6,7.787774786098375e-05
Portugal,2021,10364704,Pancreas,817,9222265.0,0.6142933743,Mortality,11.10418972289623,11.038095238095238,24711.4510062111,88.0,26.6,25.6,7.88252144745323e-05
Portugal,2022,10270865,Pancreas,842,9221968.0,0.6212339965,Mortality,11.10418972289623,11.038095238095238,24620.519556875,84.0,27.1,25.6,8.197946326818627e-05
Portugal,2000,10300626,Larynx,283,9600367.0,0.2559979761,Mortality,13.9602733944466,12.6,11526.3720667968,74.0,16.4,26.0,2.7474058372762975e-05
Portugal,2001,10364704,Larynx,310,9647696.0,0.2765125402,Mortality,13.849569678602,12.6,11734.7649743954,84.0,16.8,25.65,2.9909200106615683e-05
Portugal,2002,10364704,Larynx,315,9684678.0,0.2757314211,Mortality,13.6900462729622,12.4,12936.6928204482,84.0,17.3,25.65,3.039160655994819e-05
Portugal,2003,10364704,Larynx,348,9706126.0,0.3048805819,Mortality,13.4896924274961,12.3,15797.7821340276,84.0,17.8,25.65,3.357548915194277e-05
Portugal,2004,10364704,Larynx,333,9703550.0,0.288995448,Mortality,13.2564973921723,12.2,18064.1580932987,84.0,18.4,25.65,3.2128269791945235e-05
Portugal,2005,10364704,Larynx,324,9700970.0,0.2780527682,Mortality,12.9984504169596,12.0,18780.12751241,80.0,18.9,25.7,3.125993817594671e-05
Portugal,2006,10364704,Larynx,313,9698396.0,0.2659507932,Mortality,12.5977447886636,11.8,19839.4540499032,84.0,19.4,25.65,3.019864397861519e-05
Portugal,2007,10364704,Larynx,307,9695819.0,0.2582371877,Mortality,12.0295102444563,11.6,22811.0564844365,84.0,19.9,25.7,2.9619756234616177e-05
Portugal,2008,10364704,Larynx,276,9684487.0,0.2282787384,Mortality,11.4411407098565,11.5,24949.0413566739,84.0,20.4,25.65,2.6628836223954607e-05
Portugal,2009,10364704,Larynx,280,9669620.0,0.2315766759,Mortality,10.9800301103829,11.4,23151.2154130712,84.0,20.9,25.65,2.7014761386620617e-05
Portugal,2010,10588401,Larynx,282,9644186.0,0.2284709198,Mortality,10.7935723715541,11.2,22551.935098809,84.0,21.4,25.5,2.663291652818967e-05
Portugal,2011,10364704,Larynx,281,9594798.0,0.2267546378,Mortality,11.5157580200238,10.6,23246.5425416481,84.0,21.9,25.65,2.711124267728712e-05
Portugal,2012,10364704,Larynx,234,9527327.0,0.1886274892,Mortality,10.1151524382993,10.0,20593.4274224109,84.0,22.3,25.65,2.2576622015961516e-05
Portugal,2013,10364704,Larynx,248,9450675.0,0.1970556958,Mortality,9.76832048738232,9.8,21676.4859642714,84.0,22.8,25.65,2.3927360085292543e-05
Portugal,2014,10364704,Larynx,251,9375846.0,0.1974387519,Mortality,9.50576236832378,10.0,22120.6850127107,84.0,23.3,25.65,2.4216803957292053e-05
Portugal,2015,10365435,Larynx,209,9320414.0,0.165265335,Mortality,9.64253451834766,10.3,19215.7813014347,87.0,23.7,25.5,2.0163167295921497e-05
Portugal,2016,10364704,Larynx,249,9281762.0,0.1969621891,Mortality,8.83773210008347,10.3,19980.2808866516,84.0,24.2,25.65,2.4023841375959047e-05
Portugal,2017,10364704,Larynx,225,9251686.0,0.1704682334,Mortality,9.2551980440464,10.2,21442.3842768879,88.0,24.7,25.65,2.1708290399962997e-05
Portugal,2018,10364704,Larynx,217,9228523.0,0.1676810513,Mortality,9.02601451562929,10.2,23541.1401075289,84.0,25.2,25.65,2.093644007463098e-05
Portugal,2019,10364704,Larynx,217,9222863.0,0.1622422157,Mortality,7.98256121876526,10.2,23343.3628970034,87.0,25.6,25.65,2.093644007463098e-05
Portugal,2020,10298192,Larynx,195,9222564.0,0.1439422062,Mortality,8.45242266236737,8.6,22299.4044062173,84.0,26.1,25.6,1.893536263452847e-05
Portugal,2021,10364704,Larynx,182,9222265.0,0.1326194588,Mortality,11.10418972289623,11.038095238095238,24711.4510062111,88.0,26.6,25.6,1.7559594901303403e-05
Portugal,2022,10270865,Larynx,171,9221968.0,0.1231137559,Mortality,11.10418972289623,11.038095238095238,24620.519556875,84.0,27.1,25.6,1.664903588938225e-05
Portugal,2000,10300626,Lung,2080,9600367.0,1.939326082,Mortality,13.9602733944466,12.6,11526.3720667968,74.0,16.4,26.0,0.0002019294749658
Portugal,2001,10364704,Lung,2024,9647696.0,1.868419805,Mortality,13.849569678602,12.6,11734.7649743954,84.0,16.8,25.65,0.000195278132309
Portugal,2002,10364704,Lung,2121,9684678.0,1.921893015,Mortality,13.6900462729622,12.4,12936.6928204482,84.0,17.3,25.65,0.0002046368175036
Portugal,2003,10364704,Lung,2216,9706126.0,1.986751176,Mortality,13.4896924274961,12.3,15797.7821340276,84.0,17.8,25.65,0.0002138025401169
Portugal,2004,10364704,Lung,2214,9703550.0,1.966307913,Mortality,13.2564973921723,12.2,18064.1580932987,84.0,18.4,25.65,0.0002136095775356
Portugal,2005,10364704,Lung,2225,9700970.0,1.95605354,Mortality,12.9984504169596,12.0,18780.12751241,80.0,18.9,25.7,0.0002146708717329
Portugal,2006,10364704,Lung,2230,9698396.0,1.941729292,Mortality,12.5977447886636,11.8,19839.4540499032,84.0,19.4,25.65,0.0002151532781862
Portugal,2007,10364704,Lung,2249,9695819.0,1.938077501,Mortality,12.0295102444563,11.6,22811.0564844365,84.0,19.9,25.7,0.0002169864227089
Portugal,2008,10364704,Lung,2165,9684487.0,1.858607981,Mortality,11.4411407098565,11.5,24949.0413566739,84.0,20.4,25.65,0.0002088819942929
Portugal,2009,10364704,Lung,2314,9669620.0,1.951318413,Mortality,10.9800301103829,11.4,23151.2154130712,84.0,20.9,25.65,0.0002232577066022
Portugal,2010,10588401,Lung,2372,9644186.0,2.001079693,Mortality,10.7935723715541,11.2,22551.935098809,84.0,21.4,25.5,0.0002240187163293
Portugal,2011,10364704,Lung,2398,9594798.0,1.988262288,Mortality,11.5157580200238,10.6,23246.5425416481,84.0,21.9,25.65,0.0002313621350182
Portugal,2012,10364704,Lung,2401,9527327.0,1.994017347,Mortality,10.1151524382993,10.0,20593.4274224109,84.0,22.3,25.65,0.0002316515788902
Portugal,2013,10364704,Lung,2640,9450675.0,2.172364853,Mortality,9.76832048738232,9.8,21676.4859642714,84.0,22.8,25.65,0.0002547106073595
Portugal,2014,10364704,Lung,2499,9375846.0,2.046671001,Mortality,9.50576236832378,10.0,22120.6850127107,84.0,23.3,25.65,0.0002411067453755
Portugal,2015,10365435,Lung,2592,9320414.0,2.103248232,Mortality,9.64253451834766,10.3,19215.7813014347,87.0,23.7,25.5,0.0002500618642632
Portugal,2016,10364704,Lung,2609,9281762.0,2.081699183,Mortality,8.83773210008347,10.3,19980.2808866516,84.0,24.2,25.65,0.0002517196873489
Portugal,2017,10364704,Lung,2649,9251686.0,2.07540051,Mortality,9.2551980440464,10.2,21442.3842768879,88.0,24.7,25.65,0.0002555789389755
Portugal,2018,10364704,Lung,2680,9228523.0,2.086252724,Mortality,9.02601451562929,10.2,23541.1401075289,84.0,25.2,25.65,0.0002585698589862
Portugal,2019,10364704,Lung,2769,9222863.0,2.106449743,Mortality,7.98256121876526,10.2,23343.3628970034,87.0,25.6,25.65,0.0002671566938555
Portugal,2020,10298192,Lung,2735,9222564.0,2.052870051,Mortality,8.45242266236737,8.6,22299.4044062173,84.0,26.1,25.6,0.0002655805990022
Portugal,2021,10364704,Lung,2712,9222265.0,2.008565319,Mortality,11.10418972289623,11.038095238095238,24711.4510062111,88.0,26.6,25.6,0.0002616572602875
Portugal,2022,10270865,Lung,2693,9221968.0,1.9678333,Mortality,11.10418972289623,11.038095238095238,24620.519556875,84.0,27.1,25.6,0.000262197974562
Portugal,2000,10300626,Colorectum,1512,9600367.0,1.439615567,Mortality,13.9602733944466,12.6,11526.3720667968,74.0,16.4,26.0,0.0001467871952636
Portugal,2001,10364704,Colorectum,1668,9647696.0,1.569084458,Mortality,13.849569678602,12.6,11734.7649743954,84.0,16.8,25.65,0.0001609307928317
Portugal,2002,10364704,Colorectum,1658,9684678.0,1.533009127,Mortality,13.6900462729622,12.4,12936.6928204482,84.0,17.3,25.65,0.000159965979925
Portugal,2003,10364704,Colorectum,1630,9706126.0,1.50400367,Mortality,13.4896924274961,12.3,15797.7821340276,84.0,17.8,25.65,0.0001572645037863
Portugal,2004,10364704,Colorectum,1617,9703550.0,1.479723639,Mortality,13.2564973921723,12.2,18064.1580932987,84.0,18.4,25.65,0.0001560102470077
Portugal,2005,10364704,Colorectum,1613,9700970.0,1.462897814,Mortality,12.9984504169596,12.0,18780.12751241,80.0,18.9,25.7,0.000155624321845
Portugal,2006,10364704,Colorectum,1606,9698396.0,1.444335638,Mortality,12.5977447886636,11.8,19839.4540499032,84.0,19.4,25.65,0.0001549489528104
Portugal,2007,10364704,Colorectum,1610,9695819.0,1.433928972,Mortality,12.0295102444563,11.6,22811.0564844365,84.0,19.9,25.7,0.000155334877973
Portugal,2008,10364704,Colorectum,1708,9684487.0,1.512306346,Mortality,11.4411407098565,11.5,24949.0413566739,84.0,20.4,25.65,0.0001647900444583
Portugal,2009,10364704,Colorectum,1669,9669620.0,1.462555092,Mortality,10.9800301103829,11.4,23151.2154130712,84.0,20.9,25.65,0.0001610272741223
Portugal,2010,10588401,Colorectum,1724,9644186.0,1.495259035,Mortality,10.7935723715541,11.2,22551.935098809,84.0,21.4,25.5,0.0001628196740943
Portugal,2011,10364704,Colorectum,1701,9594798.0,1.472959535,Mortality,11.5157580200238,10.6,23246.5425416481,84.0,21.9,25.65,0.0001641146754237
Portugal,2012,10364704,Colorectum,1659,9527327.0,1.420398963,Mortality,10.1151524382993,10.0,20593.4274224109,84.0,22.3,25.65,0.0001600624612157
Portugal,2013,10364704,Colorectum,1684,9450675.0,1.432159567,Mortality,9.76832048738232,9.8,21676.4859642714,84.0,22.8,25.65,0.0001624744934823
Portugal,2014,10364704,Colorectum,1629,9375846.0,1.365189242,Mortality,9.50576236832378,10.0,22120.6850127107,84.0,23.3,25.65,0.0001571680224957
Portugal,2015,10365435,Colorectum,1619,9320414.0,1.348766082,Mortality,9.64253451834766,10.3,19215.7813014347,87.0,23.7,25.5,0.0001561921906798
Portugal,2016,10364704,Colorectum,1597,9281762.0,1.297230078,Mortality,8.83773210008347,10.3,19980.2808866516,84.0,24.2,25.65,0.0001540806211944
Portugal,2017,10364704,Colorectum,1608,9251686.0,1.288204275,Mortality,9.2551980440464,10.2,21442.3842768879,88.0,24.7,25.65,0.0001551419153917
Portugal,2018,10364704,Colorectum,1550,9228523.0,1.216514676,Mortality,9.02601451562929,10.2,23541.1401075289,84.0,25.2,25.65,0.000149546000533
Portugal,2019,10364704,Colorectum,1548,9222863.0,1.194465794,Mortality,7.98256121876526,10.2,23343.3628970034,87.0,25.6,25.65,0.0001493530379517
Portugal,2020,10298192,Colorectum,1511,9222564.0,1.146027761,Mortality,8.45242266236737,8.6,22299.4044062173,84.0,26.1,25.6,0.0001467247843116
Portugal,2021,10364704,Colorectum,1482,9222265.0,1.105473816,Mortality,11.10418972289623,11.038095238095238,24711.4510062111,88.0,26.6,25.6,0.0001429852727677
Portugal,2022,10270865,Colorectum,1462,9221968.0,1.073695754,Mortality,11.10418972289623,11.038095238095238,24620.519556875,84.0,27.1,25.6,0.000142344388715
Portugal,2000,10300626,Melanoma of skin,119,9600367.0,0.1047306652,Mortality,13.9602733944466,12.6,11526.3720667968,74.0,16.4,26.0,1.1552695923529308e-05
Portugal,2001,10364704,Melanoma of skin,110,9647696.0,0.09472414497,Mortality,13.849569678602,12.6,11734.7649743954,84.0,16.8,25.65,1.0612941973315245e-05
Portugal,2002,10364704,Melanoma of skin,101,9684678.0,0.08807739198,Mortality,13.6900462729622,12.4,12936.6928204482,84.0,17.3,25.65,9.744610357316724e-06
Portugal,2003,10364704,Melanoma of skin,118,9706126.0,0.1008259791,Mortality,13.4896924274961,12.3,15797.7821340276,84.0,17.8,25.65,1.138479229864726e-05
Portugal,2004,10364704,Melanoma of skin,108,9703550.0,0.09302667532,Mortality,13.2564973921723,12.2,18064.1580932987,84.0,18.4,25.65,1.0419979391982238e-05
Portugal,2005,10364704,Melanoma of skin,111,9700970.0,0.09509340916,Mortality,12.9984504169596,12.0,18780.12751241,80.0,18.9,25.7,1.0709423263981744e-05
Portugal,2006,10364704,Melanoma of skin,108,9698396.0,0.09243383015,Mortality,12.5977447886636,11.8,19839.4540499032,84.0,19.4,25.65,1.0419979391982238e-05
Portugal,2007,10364704,Melanoma of skin,116,9695819.0,0.09792461732,Mortality,12.0295102444563,11.6,22811.0564844365,84.0,19.9,25.7,1.1191829717314255e-05
Portugal,2008,10364704,Melanoma of skin,137,9684487.0,0.1141182926,Mortality,11.4411407098565,11.5,24949.0413566739,84.0,20.4,25.65,1.3217936821310802e-05
Portugal,2009,10364704,Melanoma of skin,141,9669620.0,0.1176047088,Mortality,10.9800301103829,11.4,23151.2154130712,84.0,20.9,25.65,1.3603861983976811e-05
Portugal,2010,10588401,Melanoma of skin,139,9644186.0,0.114447579,Mortality,10.7935723715541,11.2,22551.935098809,84.0,21.4,25.5,1.3127572331270794e-05
Portugal,2011,10364704,Melanoma of skin,152,9594798.0,0.1262753135,Mortality,11.5157580200238,10.6,23246.5425416481,84.0,21.9,25.65,1.4665156181308335e-05
Portugal,2012,10364704,Melanoma of skin,158,9527327.0,0.1293046782,Mortality,10.1151524382993,10.0,20593.4274224109,84.0,22.3,25.65,1.5244043925307348e-05
Portugal,2013,10364704,Melanoma of skin,132,9450675.0,0.1082395943,Mortality,9.76832048738232,9.8,21676.4859642714,84.0,22.8,25.65,1.2735530367978293e-05
Portugal,2014,10364704,Melanoma of skin,162,9375846.0,0.1320296317,Mortality,9.50576236832378,10.0,22120.6850127107,84.0,23.3,25.65,1.5629969087973357e-05
Portugal,2015,10365435,Melanoma of skin,145,9320414.0,0.115700544,Mortality,9.64253451834766,10.3,19215.7813014347,87.0,23.7,25.5,1.398880027707472e-05
Portugal,2016,10364704,Melanoma of skin,124,9281762.0,0.09658080693,Mortality,8.83773210008347,10.3,19980.2808866516,84.0,24.2,25.65,1.1963680042646271e-05
Portugal,2017,10364704,Melanoma of skin,153,9251686.0,0.1181586319,Mortality,9.2551980440464,10.2,21442.3842768879,88.0,24.7,25.65,1.4761637471974838e-05
Portugal,2018,10364704,Melanoma of skin,126,9228523.0,0.09734676064,Mortality,9.02601451562929,10.2,23541.1401075289,84.0,25.2,25.65,1.2156642623979278e-05
Portugal,2019,10364704,Melanoma of skin,154,9222863.0,0.1174694612,Mortality,7.98256121876526,10.2,23343.3628970034,87.0,25.6,25.65,1.485811876264134e-05
Portugal,2020,10298192,Melanoma of skin,138,9222564.0,0.104030978,Mortality,8.45242266236737,8.6,22299.4044062173,84.0,26.1,25.6,1.3400410479820146e-05
Portugal,2021,10364704,Melanoma of skin,128,9222265.0,0.09542689295,Mortality,11.10418972289623,11.038095238095238,24711.4510062111,88.0,26.6,25.6,1.2349605205312282e-05
Portugal,2022,10270865,Melanoma of skin,123,9221968.0,0.09088151836,Mortality,11.10418972289623,11.038095238095238,24620.519556875,84.0,27.1,25.6,1.1975622306397758e-05
Portugal,2000,10300626,Breast,999,4895432.0,1.643498999,Mortality,13.9602733944466,12.6,11526.3720667968,74.0,16.4,26.0,9.69843968706368e-05
Portugal,2001,10364704,Breast,1089,4915242.0,1.776862123,Mortality,13.849569678602,12.6,11734.7649743954,84.0,16.8,25.65,0.0001050681255358
Portugal,2002,10364704,Breast,1027,4934304.0,1.650102648,Mortality,13.6900462729622,12.4,12936.6928204482,84.0,17.3,25.65,9.908628551449777e-05
Portugal,2003,10364704,Breast,1010,4948385.0,1.617472056,Mortality,13.4896924274961,12.3,15797.7821340276,84.0,17.8,25.65,9.744610357316724e-05
Portugal,2004,10364704,Breast,993,4948789.0,1.574533395,Mortality,13.2564973921723,12.2,18064.1580932987,84.0,18.4,25.65,9.580592163183668e-05
Portugal,2005,10364704,Breast,979,4949190.0,1.536732212,Mortality,12.9984504169596,12.0,18780.12751241,80.0,18.9,25.7,9.445518356250564e-05
Portugal,2006,10364704,Breast,965,4949597.0,1.499844974,Mortality,12.5977447886636,11.8,19839.4540499032,84.0,19.4,25.65,9.310444549317464e-05
Portugal,2007,10364704,Breast,957,4950003.0,1.472297771,Mortality,12.0295102444563,11.6,22811.0564844365,84.0,19.9,25.7,9.23325951678426e-05
Portugal,2008,10364704,Breast,962,4948024.0,1.476597392,Mortality,11.4411407098565,11.5,24949.0413566739,84.0,20.4,25.65,9.281500162117512e-05
Portugal,2009,10364704,Breast,1002,4945741.0,1.518916038,Mortality,10.9800301103829,11.4,23151.2154130712,84.0,20.9,25.65,9.66742532478352e-05
Portugal,2010,10588401,Breast,974,4937921.0,1.460763521,Mortality,10.7935723715541,11.2,22551.935098809,84.0,21.4,25.5,9.198744928530758e-05
Portugal,2011,10364704,Breast,940,4917885.0,1.399081187,Mortality,11.5157580200238,10.6,23246.5425416481,84.0,21.9,25.65,9.069241322651208e-05
Portugal,2012,10364704,Breast,996,4889197.0,1.47332376,Mortality,10.1151524382993,10.0,20593.4274224109,84.0,22.3,25.65,9.60953655038362e-05
Portugal,2013,10364704,Breast,896,4856698.0,1.323264191,Mortality,9.76832048738232,9.8,21676.4859642714,84.0,22.8,25.65,8.644723643718597e-05
Portugal,2014,10364704,Breast,864,4824327.0,1.260226233,Mortality,9.50576236832378,10.0,22120.6850127107,84.0,23.3,25.65,8.33598351358579e-05
Portugal,2015,10365435,Breast,910,4799432.0,1.323406277,Mortality,9.64253451834766,10.3,19215.7813014347,87.0,23.7,25.5,8.779178104922756e-05
Portugal,2016,10364704,Breast,966,4780603.0,1.379973469,Mortality,8.83773210008347,10.3,19980.2808866516,84.0,24.2,25.65,9.320092678384112e-05
Portugal,2017,10364704,Breast,989,4765325.0,1.388796787,Mortality,9.2551980440464,10.2,21442.3842768879,88.0,24.7,25.65,9.541999646917068e-05
Portugal,2018,10364704,Breast,900,4755264.0,1.260549468,Mortality,9.02601451562929,10.2,23541.1401075289,84.0,25.2,25.65,8.683316159985199e-05
Portugal,2019,10364704,Breast,960,4750611.0,1.323005223,Mortality,7.98256121876526,10.2,23343.3628970034,87.0,25.6,25.65,9.262203903984211e-05
Portugal,2020,10298192,Breast,948,4744228.0,1.294609217,Mortality,8.45242266236737,8.6,22299.4044062173,84.0,26.1,25.6,9.20549937309384e-05
Portugal,2021,10364704,Breast,941,4737846.0,1.273905582,Mortality,11.10418972289623,11.038095238095238,24711.4510062111,88.0,26.6,25.6,9.078889451717858e-05
Portugal,2022,10270865,Breast,939,4731466.0,1.26141728,Mortality,11.10418972289623,11.038095238095238,24620.519556875,84.0,27.1,25.6,9.142365321713408e-05
Portugal,2000,10300626,Thyroid,51,9600367.0,0.04902334739,Mortality,13.9602733944466,12.6,11526.3720667968,74.0,16.4,26.0,4.9511553957982746e-06
Portugal,2001,10364704,Thyroid,48,9647696.0,0.04447771446,Mortality,13.849569678602,12.6,11734.7649743954,84.0,16.8,25.65,4.6311019519921055e-06
Portugal,2002,10364704,Thyroid,31,9684678.0,0.02844961781,Mortality,13.6900462729622,12.4,12936.6928204482,84.0,17.3,25.65,2.9909200106615683e-06
Portugal,2003,10364704,Thyroid,37,9706126.0,0.03361026925,Mortality,13.4896924274961,12.3,15797.7821340276,84.0,17.8,25.65,3.5698077546605816e-06
Portugal,2004,10364704,Thyroid,31,9703550.0,0.02857555471,Mortality,13.2564973921723,12.2,18064.1580932987,84.0,18.4,25.65,2.9909200106615683e-06
Portugal,2005,10364704,Thyroid,34,9700970.0,0.03099389648,Mortality,12.9984504169596,12.0,18780.12751241,80.0,18.9,25.7,3.280363882661075e-06
Portugal,2006,10364704,Thyroid,32,9698396.0,0.02914357659,Mortality,12.5977447886636,11.8,19839.4540499032,84.0,19.4,25.65,3.0874013013280705e-06
Portugal,2007,10364704,Thyroid,36,9695819.0,0.032362429,Mortality,12.0295102444563,11.6,22811.0564844365,84.0,19.9,25.7,3.4733264639940794e-06
Portugal,2008,10364704,Thyroid,46,9684487.0,0.0401255679,Mortality,11.4411407098565,11.5,24949.0413566739,84.0,20.4,25.65,4.438139370659101e-06
Portugal,2009,10364704,Thyroid,40,9669620.0,0.03515572604,Mortality,10.9800301103829,11.4,23151.2154130712,84.0,20.9,25.65,3.859251626660088e-06
Portugal,2010,10588401,Thyroid,35,9644186.0,0.0302901445,Mortality,10.7935723715541,11.2,22551.935098809,84.0,21.4,25.5,3.3055038244207033e-06
Portugal,2011,10364704,Thyroid,47,9594798.0,0.04220790467,Mortality,11.5157580200238,10.6,23246.5425416481,84.0,21.9,25.65,4.534620661325604e-06
Portugal,2012,10364704,Thyroid,54,9527327.0,0.0489073976,Mortality,10.1151524382993,10.0,20593.4274224109,84.0,22.3,25.65,5.209989695991119e-06
Portugal,2013,10364704,Thyroid,36,9450675.0,0.03009509046,Mortality,9.76832048738232,9.8,21676.4859642714,84.0,22.8,25.65,3.4733264639940794e-06
Portugal,2014,10364704,Thyroid,45,9375846.0,0.03562539976,Mortality,9.50576236832378,10.0,22120.6850127107,84.0,23.3,25.65,4.341658079992599e-06
Portugal,2015,10365435,Thyroid,44,9320414.0,0.03644576862,Mortality,9.64253451834766,10.3,19215.7813014347,87.0,23.7,25.5,4.244877325457156e-06
Portugal,2016,10364704,Thyroid,35,9281762.0,0.02966019212,Mortality,8.83773210008347,10.3,19980.2808866516,84.0,24.2,25.65,3.376845173327577e-06
Portugal,2017,10364704,Thyroid,40,9251686.0,0.03278710853,Mortality,9.2551980440464,10.2,21442.3842768879,88.0,24.7,25.65,3.859251626660088e-06
Portugal,2018,10364704,Thyroid,33,9228523.0,0.02550680658,Mortality,9.02601451562929,10.2,23541.1401075289,84.0,25.2,25.65,3.1838825919945727e-06
Portugal,2019,10364704,Thyroid,34,9222863.0,0.02603521486,Mortality,7.98256121876526,10.2,23343.3628970034,87.0,25.6,25.65,3.280363882661075e-06
Portugal,2020,10298192,Thyroid,32,9222564.0,0.02416565447,Mortality,8.45242266236737,8.6,22299.4044062173,84.0,26.1,25.6,3.107341560538005e-06
Portugal,2021,10364704,Thyroid,33,9222265.0,0.02462174023,Mortality,11.10418972289623,11.038095238095238,24711.4510062111,88.0,26.6,25.6,3.1838825919945727e-06
Portugal,2022,10270865,Thyroid,40,9221968.0,0.02926614061,Mortality,11.10418972289623,11.038095238095238,24620.519556875,84.0,27.1,25.6,3.894511319153742e-06
Portugal,2000,10300626,Cervix uteri,178,4895432.0,0.2863690377,Mortality,13.9602733944466,12.6,11526.3720667968,74.0,16.4,26.0,1.7280503146119468e-05
Portugal,2001,10364704,Cervix uteri,219,4915242.0,0.3432998849,Mortality,13.849569678602,12.6,11734.7649743954,84.0,16.8,25.65,2.112940265596398e-05
Portugal,2002,10364704,Cervix uteri,154,4934304.0,0.2364425946,Mortality,13.6900462729622,12.4,12936.6928204482,84.0,17.3,25.65,1.485811876264134e-05
Portugal,2003,10364704,Cervix uteri,169,4948385.0,0.2636087566,Mortality,13.4896924274961,12.3,15797.7821340276,84.0,17.8,25.65,1.6305338122638873e-05
Portugal,2004,10364704,Cervix uteri,168,4948789.0,0.2603815281,Mortality,13.2564973921723,12.2,18064.1580932987,84.0,18.4,25.65,1.620885683197237e-05
Portugal,2005,10364704,Cervix uteri,171,4949190.0,0.2631469561,Mortality,12.9984504169596,12.0,18780.12751241,80.0,18.9,25.7,1.649830070397188e-05
Portugal,2006,10364704,Cervix uteri,173,4949597.0,0.2640757099,Mortality,12.5977447886636,11.8,19839.4540499032,84.0,19.4,25.65,1.669126328530488e-05
Portugal,2007,10364704,Cervix uteri,181,4950003.0,0.2740859677,Mortality,12.0295102444563,11.6,22811.0564844365,84.0,19.9,25.7,1.7463113610636898e-05
Portugal,2008,10364704,Cervix uteri,178,4948024.0,0.2610079055,Mortality,11.4411407098565,11.5,24949.0413566739,84.0,20.4,25.65,1.7173669738637392e-05
Portugal,2009,10364704,Cervix uteri,202,4945741.0,0.3001099518,Mortality,10.9800301103829,11.4,23151.2154130712,84.0,20.9,25.65,1.9489220714633445e-05
Portugal,2010,10588401,Cervix uteri,157,4937921.0,0.2336972807,Mortality,10.7935723715541,11.2,22551.935098809,84.0,21.4,25.5,1.4827545726687156e-05
Portugal,2011,10364704,Cervix uteri,179,4917885.0,0.2629054437,Mortality,11.5157580200238,10.6,23246.5425416481,84.0,21.9,25.65,1.7270151029303893e-05
Portugal,2012,10364704,Cervix uteri,148,4889197.0,0.2120300684,Mortality,10.1151524382993,10.0,20593.4274224109,84.0,22.3,25.65,1.4279231018642326e-05
Portugal,2013,10364704,Cervix uteri,137,4856698.0,0.2029742041,Mortality,9.76832048738232,9.8,21676.4859642714,84.0,22.8,25.65,1.3217936821310802e-05
Portugal,2014,10364704,Cervix uteri,148,4824327.0,0.2149639643,Mortality,9.50576236832378,10.0,22120.6850127107,84.0,23.3,25.65,1.4279231018642326e-05
Portugal,2015,10365435,Cervix uteri,123,4799432.0,0.1752188721,Mortality,9.64253451834766,10.3,19215.7813014347,87.0,23.7,25.5,1.186636161434614e-05
Portugal,2016,10364704,Cervix uteri,130,4780603.0,0.1853771371,Mortality,8.83773210008347,10.3,19980.2808866516,84.0,24.2,25.65,1.2542567786645287e-05
Portugal,2017,10364704,Cervix uteri,145,4765325.0,0.2001501277,Mortality,9.2551980440464,10.2,21442.3842768879,88.0,24.7,25.65,1.398978714664282e-05
Portugal,2018,10364704,Cervix uteri,140,4755264.0,0.195244842,Mortality,9.02601451562929,10.2,23541.1401075289,84.0,25.2,25.65,1.3507380693310309e-05
Portugal,2019,10364704,Cervix uteri,138,4750611.0,0.1852350171,Mortality,7.98256121876526,10.2,23343.3628970034,87.0,25.6,25.65,1.3314418111977303e-05
Portugal,2020,10298192,Cervix uteri,126,4744228.0,0.1691927206,Mortality,8.45242266236737,8.6,22299.4044062173,84.0,26.1,25.6,1.2235157394618396e-05
Portugal,2021,10364704,Cervix uteri,116,4737846.0,0.1560137928,Mortality,11.10418972289623,11.038095238095238,24711.4510062111,88.0,26.6,25.6,1.1191829717314255e-05
Portugal,2022,10270865,Cervix uteri,109,4731466.0,0.1470514751,Mortality,11.10418972289623,11.038095238095238,24620.519556875,84.0,27.1,25.6,1.0612543344693949e-05
Portugal,2000,10300626,Corpus uteri,56,4895432.0,0.09825111355,Mortality,13.9602733944466,12.6,11526.3720667968,74.0,16.4,26.0,5.4365627875432035e-06
Portugal,2001,10364704,Corpus uteri,83,4915242.0,0.1443178403,Mortality,13.849569678602,12.6,11734.7649743954,84.0,16.8,25.65,8.007947125319684e-06
Portugal,2002,10364704,Corpus uteri,104,4934304.0,0.1788293054,Mortality,13.6900462729622,12.4,12936.6928204482,84.0,17.3,25.65,1.0034054229316229e-05
Portugal,2003,10364704,Corpus uteri,94,4948385.0,0.1603823271,Mortality,13.4896924274961,12.3,15797.7821340276,84.0,17.8,25.65,9.069241322651208e-06
Portugal,2004,10364704,Corpus uteri,87,4948789.0,0.1488491471,Mortality,13.2564973921723,12.2,18064.1580932987,84.0,18.4,25.65,8.393872287985692e-06
Portugal,2005,10364704,Corpus uteri,85,4949190.0,0.1449168155,Mortality,12.9984504169596,12.0,18780.12751241,80.0,18.9,25.7,8.200909706652687e-06
Portugal,2006,10364704,Corpus uteri,80,4949597.0,0.1368132366,Mortality,12.5977447886636,11.8,19839.4540499032,84.0,19.4,25.65,7.718503253320176e-06
Portugal,2007,10364704,Corpus uteri,80,4950003.0,0.1359072314,Mortality,12.0295102444563,11.6,22811.0564844365,84.0,19.9,25.7,7.718503253320176e-06
Portugal,2008,10364704,Corpus uteri,88,4948024.0,0.1486656244,Mortality,11.4411407098565,11.5,24949.0413566739,84.0,20.4,25.65,8.490353578652193e-06
Portugal,2009,10364704,Corpus uteri,106,4945741.0,0.1767331877,Mortality,10.9800301103829,11.4,23151.2154130712,84.0,20.9,25.65,1.0227016810649234e-05
Portugal,2010,10588401,Corpus uteri,113,4937921.0,0.1837985159,Mortality,10.7935723715541,11.2,22551.935098809,84.0,21.4,25.5,1.0672055204558271e-05
Portugal,2011,10364704,Corpus uteri,95,4917885.0,0.1583812812,Mortality,11.5157580200238,10.6,23246.5425416481,84.0,21.9,25.65,9.16572261331771e-06
Portugal,2012,10364704,Corpus uteri,102,4889197.0,0.1659755224,Mortality,10.1151524382993,10.0,20593.4274224109,84.0,22.3,25.65,9.841091647983224e-06
Portugal,2013,10364704,Corpus uteri,101,4856698.0,0.163658175,Mortality,9.76832048738232,9.8,21676.4859642714,84.0,22.8,25.65,9.744610357316724e-06
Portugal,2014,10364704,Corpus uteri,106,4824327.0,0.1677658487,Mortality,9.50576236832378,10.0,22120.6850127107,84.0,23.3,25.65,1.0227016810649234e-05
Portugal,2015,10365435,Corpus uteri,112,4799432.0,0.1795002882,Mortality,9.64253451834766,10.3,19215.7813014347,87.0,23.7,25.5,1.0805142282981852e-05
Portugal,2016,10364704,Corpus uteri,111,4780603.0,0.1740800172,Mortality,8.83773210008347,10.3,19980.2808866516,84.0,24.2,25.65,1.0709423263981744e-05
Portugal,2017,10364704,Corpus uteri,120,4765325.0,0.1828897642,Mortality,9.2551980440464,10.2,21442.3842768879,88.0,24.7,25.65,1.1577754879980264e-05
Portugal,2018,10364704,Corpus uteri,123,4755264.0,0.1864417213,Mortality,9.02601451562929,10.2,23541.1401075289,84.0,25.2,25.65,1.186719875197977e-05
Portugal,2019,10364704,Corpus uteri,155,4750611.0,0.2290051688,Mortality,7.98256121876526,10.2,23343.3628970034,87.0,25.6,25.65,1.495460005330784e-05
Portugal,2020,10298192,Corpus uteri,145,4744228.0,0.2101500284,Mortality,8.45242266236737,8.6,22299.4044062173,84.0,26.1,25.6,1.4080141446187835e-05
Portugal,2021,10364704,Corpus uteri,138,4737846.0,0.196292183,Mortality,11.10418972289623,11.038095238095238,24711.4510062111,88.0,26.6,25.6,1.3314418111977303e-05
Portugal,2022,10270865,Corpus uteri,132,4731466.0,0.1845493707,Mortality,11.10418972289623,11.038095238095238,24620.519556875,84.0,27.1,25.6,1.285188735320735e-05
Portugal,2000,10300626,Ovary,264,4895432.0,0.4432550202,Mortality,13.9602733944466,12.6,11526.3720667968,74.0,16.4,26.0,2.5629510284132245e-05
Portugal,2001,10364704,Ovary,224,4915242.0,0.3740912435,Mortality,13.849569678602,12.6,11734.7649743954,84.0,16.8,25.65,2.1611809109296493e-05
Portugal,2002,10364704,Ovary,206,4934304.0,0.3431530337,Mortality,13.6900462729622,12.4,12936.6928204482,84.0,17.3,25.65,1.9875145877299452e-05
Portugal,2003,10364704,Ovary,230,4948385.0,0.3800187717,Mortality,13.4896924274961,12.3,15797.7821340276,84.0,17.8,25.65,2.2190696853295506e-05
Portugal,2004,10364704,Ovary,229,4948789.0,0.3765062357,Mortality,13.2564973921723,12.2,18064.1580932987,84.0,18.4,25.65,2.2094215562629005e-05
Portugal,2005,10364704,Ovary,234,4949190.0,0.3815456164,Mortality,12.9984504169596,12.0,18780.12751241,80.0,18.9,25.7,2.2576622015961516e-05
Portugal,2006,10364704,Ovary,234,4949597.0,0.3791031808,Mortality,12.5977447886636,11.8,19839.4540499032,84.0,19.4,25.65,2.2576622015961516e-05
Portugal,2007,10364704,Ovary,242,4950003.0,0.3881779347,Mortality,12.0295102444563,11.6,22811.0564844365,84.0,19.9,25.7,2.3348472341293537e-05
Portugal,2008,10364704,Ovary,221,4948024.0,0.3534172858,Mortality,11.4411407098565,11.5,24949.0413566739,84.0,20.4,25.65,2.1322365237296987e-05
Portugal,2009,10364704,Ovary,227,4945741.0,0.3545420839,Mortality,10.9800301103829,11.4,23151.2154130712,84.0,20.9,25.65,2.1901252981296e-05
Portugal,2010,10588401,Ovary,218,4937921.0,0.3421079594,Mortality,10.7935723715541,11.2,22551.935098809,84.0,21.4,25.5,2.058856667782038e-05
Portugal,2011,10364704,Ovary,223,4917885.0,0.3489552675,Mortality,11.5157580200238,10.6,23246.5425416481,84.0,21.9,25.65,2.1515327818629992e-05
Portugal,2012,10364704,Ovary,226,4889197.0,0.3490715484,Mortality,10.1151524382993,10.0,20593.4274224109,84.0,22.3,25.65,2.18047716906295e-05
Portugal,2013,10364704,Ovary,218,4856698.0,0.3391235195,Mortality,9.76832048738232,9.8,21676.4859642714,84.0,22.8,25.65,2.103292136529748e-05
Portugal,2014,10364704,Ovary,249,4824327.0,0.3797481484,Mortality,9.50576236832378,10.0,22120.6850127107,84.0,23.3,25.65,2.4023841375959047e-05
Portugal,2015,10365435,Ovary,198,4799432.0,0.2993173467,Mortality,9.64253451834766,10.3,19215.7813014347,87.0,23.7,25.5,1.9101947964557203e-05
Portugal,2016,10364704,Ovary,206,4780603.0,0.3069320593,Mortality,8.83773210008347,10.3,19980.2808866516,84.0,24.2,25.65,1.9875145877299452e-05
Portugal,2017,10364704,Ovary,250,4765325.0,0.3699939736,Mortality,9.2551980440464,10.2,21442.3842768879,88.0,24.7,25.65,2.412032266662555e-05
Portugal,2018,10364704,Ovary,245,4755264.0,0.3503411054,Mortality,9.02601451562929,10.2,23541.1401075289,84.0,25.2,25.65,2.363791621329304e-05
Portugal,2019,10364704,Ovary,203,4750611.0,0.288691288,Mortality,7.98256121876526,10.2,23343.3628970034,87.0,25.6,25.65,1.9585702005299943e-05
Portugal,2020,10298192,Ovary,198,4744228.0,0.2781686671,Mortality,8.45242266236737,8.6,22299.4044062173,84.0,26.1,25.6,1.9226675905828908e-05
Portugal,2021,10364704,Ovary,196,4737846.0,0.2715442054,Mortality,11.10418972289623,11.038095238095238,24711.4510062111,88.0,26.6,25.6,1.8910332970634433e-05
Portugal,2022,10270865,Ovary,197,4731466.0,0.2699399955,Mortality,11.10418972289623,11.038095238095238,24620.519556875,84.0,27.1,25.6,1.918046824683218e-05
Portugal,2000,10300626,Prostate,540,4704935.0,1.234177206,Mortality,13.9602733944466,12.6,11526.3720667968,74.0,16.4,26.0,5.242399830845232e-05
Portugal,2001,10364704,Prostate,478,4732454.0,1.077467958,Mortality,13.849569678602,12.6,11734.7649743954,84.0,16.8,25.65,4.6118056938588055e-05
Portugal,2002,10364704,Prostate,525,4750374.0,1.172556472,Mortality,13.6900462729622,12.4,12936.6928204482,84.0,17.3,25.65,5.0652677599913654e-05
Portugal,2003,10364704,Prostate,452,4757741.0,0.9928381912,Mortality,13.4896924274961,12.3,15797.7821340276,84.0,17.8,25.65,4.3609543381259e-05
Portugal,2004,10364704,Prostate,447,4754761.0,0.9781506021,Mortality,13.2564973921723,12.2,18064.1580932987,84.0,18.4,25.65,4.3127136927926485e-05
Portugal,2005,10364704,Prostate,447,4751780.0,0.9727763282,Mortality,12.9984504169596,12.0,18780.12751241,80.0,18.9,25.7,4.3127136927926485e-05
Portugal,2006,10364704,Prostate,443,4748799.0,0.9598915032,Mortality,12.5977447886636,11.8,19839.4540499032,84.0,19.4,25.65,4.2741211765260475e-05
Portugal,2007,10364704,Prostate,445,4745816.0,0.9566712868,Mortality,12.0295102444563,11.6,22811.0564844365,84.0,19.9,25.7,4.293417434659348e-05
Portugal,2008,10364704,Prostate,448,4736463.0,0.9574762674,Mortality,11.4411407098565,11.5,24949.0413566739,84.0,20.4,25.65,4.3223618218592986e-05
Portugal,2009,10364704,Prostate,451,4723879.0,0.9486567763,Mortality,10.9800301103829,11.4,23151.2154130712,84.0,20.9,25.65,4.3513062090592496e-05
Portugal,2010,10588401,Prostate,408,4706265.0,0.8383484729,Mortality,10.7935723715541,11.2,22551.935098809,84.0,21.4,25.5,3.85327302961042e-05
Portugal,2011,10364704,Prostate,420,4676913.0,0.8859188497,Mortality,11.5157580200238,10.6,23246.5425416481,84.0,21.9,25.65,4.0522142079930926e-05
Portugal,2012,10364704,Prostate,417,4638130.0,0.8479613269,Mortality,10.1151524382993,10.0,20593.4274224109,84.0,22.3,25.65,4.0232698207931416e-05
Portugal,2013,10364704,Prostate,395,4593977.0,0.8134301605,Mortality,9.76832048738232,9.8,21676.4859642714,84.0,22.8,25.65,3.811010981326837e-05
Portugal,2014,10364704,Prostate,392,4551519.0,0.7982047867,Mortality,9.50576236832378,10.0,22120.6850127107,84.0,23.3,25.65,3.7820665941268865e-05
Portugal,2015,10365435,Prostate,381,4520982.0,0.7585746636,Mortality,9.64253451834766,10.3,19215.7813014347,87.0,23.7,25.5,3.675677865907219e-05
Portugal,2016,10364704,Prostate,418,4501159.0,0.807939532,Mortality,8.83773210008347,10.3,19980.2808866516,84.0,24.2,25.65,4.032917949859792e-05
Portugal,2017,10364704,Prostate,406,4486361.0,0.7686414567,Mortality,9.2551980440464,10.2,21442.3842768879,88.0,24.7,25.65,3.917140401059989e-05
Portugal,2018,10364704,Prostate,429,4473259.0,0.7937058612,Mortality,9.02601451562929,10.2,23541.1401075289,84.0,25.2,25.65,4.139047369592945e-05
Portugal,2019,10364704,Prostate,417,4472252.0,0.7453897517,Mortality,7.98256121876526,10.2,23343.3628970034,87.0,25.6,25.65,4.0232698207931416e-05
Portugal,2020,10298192,Prostate,409,4478336.0,0.713627295,Mortality,8.45242266236737,8.6,22299.4044062173,84.0,26.1,25.6,3.971570932062638e-05
Portugal,2021,10364704,Prostate,402,4484419.0,0.6848485551,Mortality,11.10418972289623,11.038095238095238,24711.4510062111,88.0,26.6,25.6,3.878547884793389e-05
Portugal,2022,10270865,Prostate,398,4490502.0,0.662206448,Mortality,11.10418972289623,11.038095238095238,24620.519556875,84.0,27.1,25.6,3.875038762557973e-05
Portugal,2000,10300626,Testis,17,4704935.0,0.02206458865,Mortality,13.9602733944466,12.6,11526.3720667968,74.0,16.4,26.0,1.6503851319327585e-06
Portugal,2001,10364704,Testis,15,4732454.0,0.02196762055,Mortality,13.849569678602,12.6,11734.7649743954,84.0,16.8,25.65,1.447219359997533e-06
Portugal,2002,10364704,Testis,20,4750374.0,0.03164821658,Mortality,13.6900462729622,12.4,12936.6928204482,84.0,17.3,25.65,1.929625813330044e-06
Portugal,2003,10364704,Testis,12,4757741.0,0.01766175415,Mortality,13.4896924274961,12.3,15797.7821340276,84.0,17.8,25.65,1.1577754879980264e-06
Portugal,2004,10364704,Testis,9,4754761.0,0.01300882427,Mortality,13.2564973921723,12.2,18064.1580932987,84.0,18.4,25.65,8.683316159985198e-07
Portugal,2005,10364704,Testis,11,4751780.0,0.01681157794,Mortality,12.9984504169596,12.0,18780.12751241,80.0,18.9,25.7,1.0612941973315242e-06
Portugal,2006,10364704,Testis,11,4748799.0,0.01702645539,Mortality,12.5977447886636,11.8,19839.4540499032,84.0,19.4,25.65,1.0612941973315242e-06
Portugal,2007,10364704,Testis,16,4745816.0,0.0263350143,Mortality,12.0295102444563,11.6,22811.0564844365,84.0,19.9,25.7,1.5437006506640353e-06
Portugal,2008,10364704,Testis,18,4736463.0,0.02813800312,Mortality,11.4411407098565,11.5,24949.0413566739,84.0,20.4,25.65,1.7366632319970397e-06
Portugal,2009,10364704,Testis,9,4723879.0,0.01216323878,Mortality,10.9800301103829,11.4,23151.2154130712,84.0,20.9,25.65,8.683316159985198e-07
Portugal,2010,10588401,Testis,11,4706265.0,0.0163460983,Mortality,10.7935723715541,11.2,22551.935098809,84.0,21.4,25.5,1.038872630532221e-06
Portugal,2011,10364704,Testis,16,4676913.0,0.02599602181,Mortality,11.5157580200238,10.6,23246.5425416481,84.0,21.9,25.65,1.5437006506640353e-06
Portugal,2012,10364704,Testis,10,4638130.0,0.01386698866,Mortality,10.1151524382993,10.0,20593.4274224109,84.0,22.3,25.65,9.64812906665022e-07
Portugal,2013,10364704,Testis,13,4593977.0,0.01950257536,Mortality,9.76832048738232,9.8,21676.4859642714,84.0,22.8,25.65,1.2542567786645286e-06
Portugal,2014,10364704,Testis,11,4551519.0,0.01720825417,Mortality,9.50576236832378,10.0,22120.6850127107,84.0,23.3,25.65,1.0612941973315242e-06
Portugal,2015,10365435,Testis,12,4520982.0,0.01735739222,Mortality,9.64253451834766,10.3,19215.7813014347,87.0,23.7,25.5,1.15769381603377e-06
Portugal,2016,10364704,Testis,18,4501159.0,0.02996039033,Mortality,8.83773210008347,10.3,19980.2808866516,84.0,24.2,25.65,1.7366632319970397e-06
Portugal,2017,10364704,Testis,19,4486361.0,0.03122764582,Mortality,9.2551980440464,10.2,21442.3842768879,88.0,24.7,25.65,1.833144522663542e-06
Portugal,2018,10364704,Testis,15,4473259.0,0.02320937633,Mortality,9.02601451562929,10.2,23541.1401075289,84.0,25.2,25.65,1.447219359997533e-06
Portugal,2019,10364704,Testis,18,4472252.0,0.02761772181,Mortality,7.98256121876526,10.2,23343.3628970034,87.0,25.6,25.65,1.7366632319970397e-06
Portugal,2020,10298192,Testis,13,4478336.0,0.01957467045,Mortality,8.45242266236737,8.6,22299.4044062173,84.0,26.1,25.6,1.2623575089685646e-06
Portugal,2021,10364704,Testis,12,4484419.0,0.01824211863,Mortality,11.10418972289623,11.038095238095238,24711.4510062111,88.0,26.6,25.6,1.1577754879980264e-06
Portugal,2022,10270865,Testis,14,4490502.0,0.0215124542,Mortality,11.10418972289623,11.038095238095238,24620.519556875,84.0,27.1,25.6,1.3630789617038098e-06
Portugal,2000,10300626,Kidney,188,9600367.0,0.1791041561,Mortality,13.9602733944466,12.6,11526.3720667968,74.0,16.4,26.0,1.8251317929609328e-05
Portugal,2001,10364704,Kidney,177,9647696.0,0.1673650105,Mortality,13.849569678602,12.6,11734.7649743954,84.0,16.8,25.65,1.707718844797089e-05
Portugal,2002,10364704,Kidney,178,9684678.0,0.1657178435,Mortality,13.6900462729622,12.4,12936.6928204482,84.0,17.3,25.65,1.7173669738637392e-05
Portugal,2003,10364704,Kidney,163,9706126.0,0.1511780897,Mortality,13.4896924274961,12.3,15797.7821340276,84.0,17.8,25.65,1.572645037863986e-05
Portugal,2004,10364704,Kidney,155,9703550.0,0.142288657,Mortality,13.2564973921723,12.2,18064.1580932987,84.0,18.4,25.65,1.495460005330784e-05
Portugal,2005,10364704,Kidney,160,9700970.0,0.1440600579,Mortality,12.9984504169596,12.0,18780.12751241,80.0,18.9,25.7,1.543700650664035e-05
Portugal,2006,10364704,Kidney,157,9698396.0,0.1388357373,Mortality,12.5977447886636,11.8,19839.4540499032,84.0,19.4,25.65,1.5147562634640848e-05
Portugal,2007,10364704,Kidney,167,9695819.0,0.1439418997,Mortality,12.0295102444563,11.6,22811.0564844365,84.0,19.9,25.7,1.6112375541305868e-05
Portugal,2008,10364704,Kidney,177,9684487.0,0.1573864536,Mortality,11.4411407098565,11.5,24949.0413566739,84.0,20.4,25.65,1.707718844797089e-05
Portugal,2009,10364704,Kidney,186,9669620.0,0.1650572755,Mortality,10.9800301103829,11.4,23151.2154130712,84.0,20.9,25.65,1.794552006396941e-05
Portugal,2010,10588401,Kidney,193,9644186.0,0.1619676557,Mortality,10.7935723715541,11.2,22551.935098809,84.0,21.4,25.5,1.822749251751988e-05
Portugal,2011,10364704,Kidney,182,9594798.0,0.1539941726,Mortality,11.5157580200238,10.6,23246.5425416481,84.0,21.9,25.65,1.7559594901303403e-05
Portugal,2012,10364704,Kidney,191,9527327.0,0.1605697521,Mortality,10.1151524382993,10.0,20593.4274224109,84.0,22.3,25.65,1.842792651730192e-05
Portugal,2013,10364704,Kidney,191,9450675.0,0.1651541756,Mortality,9.76832048738232,9.8,21676.4859642714,84.0,22.8,25.65,1.842792651730192e-05
Portugal,2014,10364704,Kidney,174,9375846.0,0.1473507332,Mortality,9.50576236832378,10.0,22120.6850127107,84.0,23.3,25.65,1.6787744575971385e-05
Portugal,2015,10365435,Kidney,197,9320414.0,0.1605532143,Mortality,9.64253451834766,10.3,19215.7813014347,87.0,23.7,25.5,1.900547347988772e-05
Portugal,2016,10364704,Kidney,186,9281762.0,0.1541294569,Mortality,8.83773210008347,10.3,19980.2808866516,84.0,24.2,25.65,1.794552006396941e-05
Portugal,2017,10364704,Kidney,210,9251686.0,0.1673680042,Mortality,9.2551980440464,10.2,21442.3842768879,88.0,24.7,25.65,2.0261071039965463e-05
Portugal,2018,10364704,Kidney,210,9228523.0,0.1659193465,Mortality,9.02601451562929,10.2,23541.1401075289,84.0,25.2,25.65,2.0261071039965463e-05
Portugal,2019,10364704,Kidney,204,9222863.0,0.1561224381,Mortality,7.98256121876526,10.2,23343.3628970034,87.0,25.6,25.65,1.968218329596645e-05
Portugal,2020,10298192,Kidney,194,9222564.0,0.1465500312,Mortality,8.45242266236737,8.6,22299.4044062173,84.0,26.1,25.6,1.8838258210761656e-05
Portugal,2021,10364704,Kidney,194,9222265.0,0.144871668,Mortality,11.10418972289623,11.038095238095238,24711.4510062111,88.0,26.6,25.6,1.8717370389301427e-05
Portugal,2022,10270865,Kidney,197,9221968.0,0.1455288041,Mortality,11.10418972289623,11.038095238095238,24620.519556875,84.0,27.1,25.6,1.918046824683218e-05
Portugal,2000,10300626,Bladder,281,9600367.0,0.2801957146,Mortality,13.9602733944466,12.6,11526.3720667968,74.0,16.4,26.0,2.7279895416065005e-05
Portugal,2001,10364704,Bladder,240,9647696.0,0.235232444,Mortality,13.849569678602,12.6,11734.7649743954,84.0,16.8,25.65,2.315550975996053e-05
Portugal,2002,10364704,Bladder,243,9684678.0,0.2318731897,Mortality,13.6900462729622,12.4,12936.6928204482,84.0,17.3,25.65,2.3444953631960035e-05
Portugal,2003,10364704,Bladder,272,9706126.0,0.2600914057,Mortality,13.4896924274961,12.3,15797.7821340276,84.0,17.8,25.65,2.62429110612886e-05
Portugal,2004,10364704,Bladder,266,9703550.0,0.2527596058,Mortality,13.2564973921723,12.2,18064.1580932987,84.0,18.4,25.65,2.5664023317289587e-05
Portugal,2005,10364704,Bladder,265,9700970.0,0.2495883691,Mortality,12.9984504169596,12.0,18780.12751241,80.0,18.9,25.7,2.5567542026623083e-05
Portugal,2006,10364704,Bladder,262,9698396.0,0.2448480798,Mortality,12.5977447886636,11.8,19839.4540499032,84.0,19.4,25.65,2.5278098154623576e-05
Portugal,2007,10364704,Bladder,268,9695819.0,0.2471045568,Mortality,12.0295102444563,11.6,22811.0564844365,84.0,19.9,25.7,2.5856985898622592e-05
Portugal,2008,10364704,Bladder,278,9684487.0,0.2533645907,Mortality,11.4411407098565,11.5,24949.0413566739,84.0,20.4,25.65,2.6821798805287612e-05
Portugal,2009,10364704,Bladder,315,9669620.0,0.2832950259,Mortality,10.9800301103829,11.4,23151.2154130712,84.0,20.9,25.65,3.039160655994819e-05
Portugal,2010,10588401,Bladder,262,9644186.0,0.2318378905,Mortality,10.7935723715541,11.2,22551.935098809,84.0,21.4,25.5,2.4744057199949264e-05
Portugal,2011,10364704,Bladder,294,9594798.0,0.2593422173,Mortality,11.5157580200238,10.6,23246.5425416481,84.0,21.9,25.65,2.8365499455951647e-05
Portugal,2012,10364704,Bladder,334,9527327.0,0.2958465823,Mortality,10.1151524382993,10.0,20593.4274224109,84.0,22.3,25.65,3.2224751082611736e-05
Portugal,2013,10364704,Bladder,309,9450675.0,0.2712053671,Mortality,9.76832048738232,9.8,21676.4859642714,84.0,22.8,25.65,2.9812718815949185e-05
Portugal,2014,10364704,Bladder,286,9375846.0,0.249776723,Mortality,9.50576236832378,10.0,22120.6850127107,84.0,23.3,25.65,2.759364913061963e-05
Portugal,2015,10365435,Bladder,312,9320414.0,0.2682970991,Mortality,9.64253451834766,10.3,19215.7813014347,87.0,23.7,25.5,3.010003921687802e-05
Portugal,2016,10364704,Bladder,354,9281762.0,0.3007387291,Mortality,8.83773210008347,10.3,19980.2808866516,84.0,24.2,25.65,3.415437689594178e-05
Portugal,2017,10364704,Bladder,359,9251686.0,0.303128367,Mortality,9.2551980440464,10.2,21442.3842768879,88.0,24.7,25.65,3.4636783349274294e-05
Portugal,2018,10364704,Bladder,355,9228523.0,0.2876028464,Mortality,9.02601451562929,10.2,23541.1401075289,84.0,25.2,25.65,3.425085818660828e-05
Portugal,2019,10364704,Bladder,244,9222863.0,0.1922849439,Mortality,7.98256121876526,10.2,23343.3628970034,87.0,25.6,25.65,2.354143492262654e-05
Portugal,2020,10298192,Bladder,227,9222564.0,0.175435537,Mortality,8.45242266236737,8.6,22299.4044062173,84.0,26.1,25.6,2.2042704195066473e-05
Portugal,2021,10364704,Bladder,215,9222265.0,0.1628219637,Mortality,11.10418972289623,11.038095238095238,24711.4510062111,88.0,26.6,25.6,2.0743477493297974e-05
Portugal,2022,10270865,Bladder,209,9221968.0,0.1549331653,Mortality,11.10418972289623,11.038095238095238,24620.519556875,84.0,27.1,25.6,2.0348821642578304e-05
Portugal,2000,10300626,Brain and central nervous system,448,9600367.0,0.3981967013,Mortality,13.9602733944466,12.6,11526.3720667968,74.0,16.4,26.0,4.349250230034563e-05
Portugal,2001,10364704,Brain and central nervous system,485,9647696.0,0.4241023508,Mortality,13.849569678602,12.6,11734.7649743954,84.0,16.8,25.65,4.679342597325357e-05
Portugal,2002,10364704,Brain and central nervous system,493,9684678.0,0.4297346162,Mortality,13.6900462729622,12.4,12936.6928204482,84.0,17.3,25.65,4.756527629858559e-05
Portugal,2003,10364704,Brain and central nervous system,488,9706126.0,0.4225036562,Mortality,13.4896924274961,12.3,15797.7821340276,84.0,17.8,25.65,4.708286984525308e-05
Portugal,2004,10364704,Brain and central nervous system,484,9703550.0,0.4154790584,Mortality,13.2564973921723,12.2,18064.1580932987,84.0,18.4,25.65,4.669694468258707e-05
Portugal,2005,10364704,Brain and central nervous system,494,9700970.0,0.4202136347,Mortality,12.9984504169596,12.0,18780.12751241,80.0,18.9,25.7,4.766175758925209e-05
Portugal,2006,10364704,Brain and central nervous system,496,9698396.0,0.4183860509,Mortality,12.5977447886636,11.8,19839.4540499032,84.0,19.4,25.65,4.785472017058509e-05
Portugal,2007,10364704,Brain and central nervous system,510,9695819.0,0.4261239347,Mortality,12.0295102444563,11.6,22811.0564844365,84.0,19.9,25.7,4.9205458239916126e-05
Portugal,2008,10364704,Brain and central nervous system,498,9684487.0,0.4179533384,Mortality,11.4411407098565,11.5,24949.0413566739,84.0,20.4,25.65,4.8047682751918094e-05
Portugal,2009,10364704,Brain and central nervous system,506,9669620.0,0.4203204222,Mortality,10.9800301103829,11.4,23151.2154130712,84.0,20.9,25.65,4.881953307725011e-05
Portugal,2010,10588401,Brain and central nervous system,532,9644186.0,0.4384165969,Mortality,10.7935723715541,11.2,22551.935098809,84.0,21.4,25.5,5.024365813119469e-05
Portugal,2011,10364704,Brain and central nervous system,573,9594798.0,0.4686215978,Mortality,11.5157580200238,10.6,23246.5425416481,84.0,21.9,25.65,5.528377955190576e-05
Portugal,2012,10364704,Brain and central nervous system,550,9527327.0,0.4516728054,Mortality,10.1151524382993,10.0,20593.4274224109,84.0,22.3,25.65,5.306470986657621e-05
Portugal,2013,10364704,Brain and central nervous system,580,9450675.0,0.4784218831,Mortality,9.76832048738232,9.8,21676.4859642714,84.0,22.8,25.65,5.595914858657128e-05
Portugal,2014,10364704,Brain and central nervous system,586,9375846.0,0.4812817298,Mortality,9.50576236832378,10.0,22120.6850127107,84.0,23.3,25.65,5.653803633057029e-05
Portugal,2015,10365435,Brain and central nervous system,611,9320414.0,0.4917429053,Mortality,9.64253451834766,10.3,19215.7813014347,87.0,23.7,25.5,5.8945910133052784e-05
Portugal,2016,10364704,Brain and central nervous system,516,9281762.0,0.4076617872,Mortality,8.83773210008347,10.3,19980.2808866516,84.0,24.2,25.65,4.978434598391514e-05
Portugal,2017,10364704,Brain and central nervous system,564,9251686.0,0.4435201586,Mortality,9.2551980440464,10.2,21442.3842768879,88.0,24.7,25.65,5.4415447935907245e-05
Portugal,2018,10364704,Brain and central nervous system,632,9228523.0,0.4922712059,Mortality,9.02601451562929,10.2,23541.1401075289,84.0,25.2,25.65,6.097617570122939e-05
Portugal,2019,10364704,Brain and central nervous system,581,9222863.0,0.4401970267,Mortality,7.98256121876526,10.2,23343.3628970034,87.0,25.6,25.65,5.605562987723778e-05
Portugal,2020,10298192,Brain and central nervous system,579,9222564.0,0.4351794576,Mortality,8.45242266236737,8.6,22299.4044062173,84.0,26.1,25.6,5.622346136098453e-05
Portugal,2021,10364704,Brain and central nervous system,583,9222265.0,0.434849976,Mortality,11.10418972289623,11.038095238095238,24711.4510062111,88.0,26.6,25.6,5.624859245857078e-05
Portugal,2022,10270865,Brain and central nervous system,600,9221968.0,0.4459025122,Mortality,11.10418972289623,11.038095238095238,24620.519556875,84.0,27.1,25.6,5.841766978730613e-05
Portugal,2000,10300626,Hodgkin lymphoma,51,9600367.0,0.04110754062,Mortality,13.9602733944466,12.6,11526.3720667968,74.0,16.4,26.0,4.9511553957982746e-06
Portugal,2001,10364704,Hodgkin lymphoma,43,9647696.0,0.03630884997,Mortality,13.849569678602,12.6,11734.7649743954,84.0,16.8,25.65,4.148695498659595e-06
Portugal,2002,10364704,Hodgkin lymphoma,44,9684678.0,0.0364497159,Mortality,13.6900462729622,12.4,12936.6928204482,84.0,17.3,25.65,4.245176789326097e-06
Portugal,2003,10364704,Hodgkin lymphoma,41,9706126.0,0.03239423792,Mortality,13.4896924274961,12.3,15797.7821340276,84.0,17.8,25.65,3.9557329173265905e-06
Portugal,2004,10364704,Hodgkin lymphoma,32,9703550.0,0.02549487485,Mortality,13.2564973921723,12.2,18064.1580932987,84.0,18.4,25.65,3.0874013013280705e-06
Portugal,2005,10364704,Hodgkin lymphoma,32,9700970.0,0.02550136882,Mortality,12.9984504169596,12.0,18780.12751241,80.0,18.9,25.7,3.0874013013280705e-06
Portugal,2006,10364704,Hodgkin lymphoma,28,9698396.0,0.02249829064,Mortality,12.5977447886636,11.8,19839.4540499032,84.0,19.4,25.65,2.7014761386620616e-06
Portugal,2007,10364704,Hodgkin lymphoma,38,9695819.0,0.03050953426,Mortality,12.0295102444563,11.6,22811.0564844365,84.0,19.9,25.7,3.666289045327084e-06
Portugal,2008,10364704,Hodgkin lymphoma,40,9684487.0,0.03168580446,Mortality,11.4411407098565,11.5,24949.0413566739,84.0,20.4,25.65,3.859251626660088e-06
Portugal,2009,10364704,Hodgkin lymphoma,41,9669620.0,0.03251376159,Mortality,10.9800301103829,11.4,23151.2154130712,84.0,20.9,25.65,3.9557329173265905e-06
Portugal,2010,10588401,Hodgkin lymphoma,45,9644186.0,0.03803316562,Mortality,10.7935723715541,11.2,22551.935098809,84.0,21.4,25.5,4.249933488540904e-06
Portugal,2011,10364704,Hodgkin lymphoma,39,9594798.0,0.03109090839,Mortality,11.5157580200238,10.6,23246.5425416481,84.0,21.9,25.65,3.762770335993586e-06
Portugal,2012,10364704,Hodgkin lymphoma,23,9527327.0,0.0176851786,Mortality,10.1151524382993,10.0,20593.4274224109,84.0,22.3,25.65,2.2190696853295506e-06
Portugal,2013,10364704,Hodgkin lymphoma,21,9450675.0,0.01819040896,Mortality,9.76832048738232,9.8,21676.4859642714,84.0,22.8,25.65,2.026107103996546e-06
Portugal,2014,10364704,Hodgkin lymphoma,35,9375846.0,0.02776917607,Mortality,9.50576236832378,10.0,22120.6850127107,84.0,23.3,25.65,3.376845173327577e-06
Portugal,2015,10365435,Hodgkin lymphoma,35,9320414.0,0.02711308667,Mortality,9.64253451834766,10.3,19215.7813014347,87.0,23.7,25.5,3.3766069634318288e-06
Portugal,2016,10364704,Hodgkin lymphoma,30,9281762.0,0.02352876549,Mortality,8.83773210008347,10.3,19980.2808866516,84.0,24.2,25.65,2.894438719995066e-06
Portugal,2017,10364704,Hodgkin lymphoma,19,9251686.0,0.01501217391,Mortality,9.2551980440464,10.2,21442.3842768879,88.0,24.7,25.65,1.833144522663542e-06
Portugal,2018,10364704,Hodgkin lymphoma,26,9228523.0,0.02110290431,Mortality,9.02601451562929,10.2,23541.1401075289,84.0,25.2,25.65,2.508513557329057e-06
Portugal,2019,10364704,Hodgkin lymphoma,29,9222863.0,0.02304552626,Mortality,7.98256121876526,10.2,23343.3628970034,87.0,25.6,25.65,2.797957429328564e-06
Portugal,2020,10298192,Hodgkin lymphoma,18,9222564.0,0.01427026077,Mortality,8.45242266236737,8.6,22299.4044062173,84.0,26.1,25.6,1.7478796278026278e-06
Portugal,2021,10364704,Hodgkin lymphoma,17,9222265.0,0.01307022495,Mortality,11.10418972289623,11.038095238095238,24711.4510062111,88.0,26.6,25.6,1.6401819413305377e-06
Portugal,2022,10270865,Hodgkin lymphoma,21,9221968.0,0.01550826727,Mortality,11.10418972289623,11.038095238095238,24620.519556875,84.0,27.1,25.6,2.0446184425557147e-06
Portugal,2000,10300626,Non-Hodgkin lymphoma,337,9600367.0,0.3135450584,Mortality,13.9602733944466,12.6,11526.3720667968,74.0,16.4,26.0,3.271645820360821e-05
Portugal,2001,10364704,Non-Hodgkin lymphoma,378,9647696.0,0.3444703156,Mortality,13.849569678602,12.6,11734.7649743954,84.0,16.8,25.65,3.646992787193783e-05
Portugal,2002,10364704,Non-Hodgkin lymphoma,364,9684678.0,0.3255714058,Mortality,13.6900462729622,12.4,12936.6928204482,84.0,17.3,25.65,3.5119189802606805e-05
Portugal,2003,10364704,Non-Hodgkin lymphoma,394,9706126.0,0.3489634341,Mortality,13.4896924274961,12.3,15797.7821340276,84.0,17.8,25.65,3.801362852260187e-05
Portugal,2004,10364704,Non-Hodgkin lymphoma,376,9703550.0,0.3332054352,Mortality,13.2564973921723,12.2,18064.1580932987,84.0,18.4,25.65,3.627696529060483e-05
Portugal,2005,10364704,Non-Hodgkin lymphoma,373,9700970.0,0.3290064415,Mortality,12.9984504169596,12.0,18780.12751241,80.0,18.9,25.7,3.598752141860532e-05
Portugal,2006,10364704,Non-Hodgkin lymphoma,362,9698396.0,0.3191087205,Mortality,12.5977447886636,11.8,19839.4540499032,84.0,19.4,25.65,3.4926227221273796e-05
Portugal,2007,10364704,Non-Hodgkin lymphoma,368,9695819.0,0.3223944432,Mortality,12.0295102444563,11.6,22811.0564844365,84.0,19.9,25.7,3.550511496527281e-05
Portugal,2008,10364704,Non-Hodgkin lymphoma,381,9684487.0,0.327539876,Mortality,11.4411407098565,11.5,24949.0413566739,84.0,20.4,25.65,3.675937174393734e-05
Portugal,2009,10364704,Non-Hodgkin lymphoma,365,9669620.0,0.3097126094,Mortality,10.9800301103829,11.4,23151.2154130712,84.0,20.9,25.65,3.5215671093273306e-05
Portugal,2010,10588401,Non-Hodgkin lymphoma,386,9644186.0,0.3304396904,Mortality,10.7935723715541,11.2,22551.935098809,84.0,21.4,25.5,3.645498503503975e-05
Portugal,2011,10364704,Non-Hodgkin lymphoma,351,9594798.0,0.3018242974,Mortality,11.5157580200238,10.6,23246.5425416481,84.0,21.9,25.65,3.386493302394227e-05
Portugal,2012,10364704,Non-Hodgkin lymphoma,356,9527327.0,0.3054292971,Mortality,10.1151524382993,10.0,20593.4274224109,84.0,22.3,25.65,3.4347339477274784e-05
Portugal,2013,10364704,Non-Hodgkin lymphoma,385,9450675.0,0.3310239532,Mortality,9.76832048738232,9.8,21676.4859642714,84.0,22.8,25.65,3.7145296906603345e-05
Portugal,2014,10364704,Non-Hodgkin lymphoma,353,9375846.0,0.3002345029,Mortality,9.50576236832378,10.0,22120.6850127107,84.0,23.3,25.65,3.405789560527528e-05
Portugal,2015,10365435,Non-Hodgkin lymphoma,392,9320414.0,0.3290228674,Mortality,9.64253451834766,10.3,19215.7813014347,87.0,23.7,25.5,3.781799799043649e-05
Portugal,2016,10364704,Non-Hodgkin lymphoma,351,9281762.0,0.2870495985,Mortality,8.83773210008347,10.3,19980.2808866516,84.0,24.2,25.65,3.386493302394227e-05
Portugal,2017,10364704,Non-Hodgkin lymphoma,394,9251686.0,0.319988883,Mortality,9.2551980440464,10.2,21442.3842768879,88.0,24.7,25.65,3.801362852260187e-05
Portugal,2018,10364704,Non-Hodgkin lymphoma,369,9228523.0,0.2949515029,Mortality,9.02601451562929,10.2,23541.1401075289,84.0,25.2,25.65,3.560159625593932e-05
Portugal,2019,10364704,Non-Hodgkin lymphoma,366,9222863.0,0.2857833737,Mortality,7.98256121876526,10.2,23343.3628970034,87.0,25.6,25.65,3.531215238393981e-05
Portugal,2020,10298192,Non-Hodgkin lymphoma,364,9222564.0,0.2797651953,Mortality,8.45242266236737,8.6,22299.4044062173,84.0,26.1,25.6,3.534601025111981e-05
Portugal,2021,10364704,Non-Hodgkin lymphoma,369,9222265.0,0.2790538556,Mortality,11.10418972289623,11.038095238095238,24711.4510062111,88.0,26.6,25.6,3.560159625593932e-05
Portugal,2022,10270865,Non-Hodgkin lymphoma,382,9221968.0,0.2842924557,Mortality,11.10418972289623,11.038095238095238,24620.519556875,84.0,27.1,25.6,3.719258309791824e-05
Portugal,2000,10300626,Multiple myeloma,206,9600367.0,0.1985018026,Mortality,13.9602733944466,12.6,11526.3720667968,74.0,16.4,26.0,1.999878453989107e-05
Portugal,2001,10364704,Multiple myeloma,213,9647696.0,0.2041198718,Mortality,13.849569678602,12.6,11734.7649743954,84.0,16.8,25.65,2.055051491196497e-05
Portugal,2002,10364704,Multiple myeloma,219,9684678.0,0.20913156,Mortality,13.6900462729622,12.4,12936.6928204482,84.0,17.3,25.65,2.112940265596398e-05
Portugal,2003,10364704,Multiple myeloma,222,9706126.0,0.2072794294,Mortality,13.4896924274961,12.3,15797.7821340276,84.0,17.8,25.65,2.1418846527963488e-05
Portugal,2004,10364704,Multiple myeloma,203,9703550.0,0.1888630473,Mortality,13.2564973921723,12.2,18064.1580932987,84.0,18.4,25.65,1.9585702005299943e-05
Portugal,2005,10364704,Multiple myeloma,193,9700970.0,0.1780704945,Mortality,12.9984504169596,12.0,18780.12751241,80.0,18.9,25.7,1.8620889098634927e-05
Portugal,2006,10364704,Multiple myeloma,181,9698396.0,0.1656830303,Mortality,12.5977447886636,11.8,19839.4540499032,84.0,19.4,25.65,1.7463113610636898e-05
Portugal,2007,10364704,Multiple myeloma,174,9695819.0,0.1572422504,Mortality,12.0295102444563,11.6,22811.0564844365,84.0,19.9,25.7,1.6787744575971385e-05
Portugal,2008,10364704,Multiple myeloma,187,9684487.0,0.1709773875,Mortality,11.4411407098565,11.5,24949.0413566739,84.0,20.4,25.65,1.804200135463591e-05
Portugal,2009,10364704,Multiple myeloma,211,9669620.0,0.1856885648,Mortality,10.9800301103829,11.4,23151.2154130712,84.0,20.9,25.65,2.0357552330631964e-05
Portugal,2010,10588401,Multiple myeloma,183,9644186.0,0.1627210336,Mortality,10.7935723715541,11.2,22551.935098809,84.0,21.4,25.5,1.7283062853399677e-05
Portugal,2011,10364704,Multiple myeloma,194,9594798.0,0.1748149933,Mortality,11.5157580200238,10.6,23246.5425416481,84.0,21.9,25.65,1.8717370389301427e-05
Portugal,2012,10364704,Multiple myeloma,215,9527327.0,0.1915669473,Mortality,10.1151524382993,10.0,20593.4274224109,84.0,22.3,25.65,2.0743477493297974e-05
Portugal,2013,10364704,Multiple myeloma,220,9450675.0,0.1913206615,Mortality,9.76832048738232,9.8,21676.4859642714,84.0,22.8,25.65,2.122588394663049e-05
Portugal,2014,10364704,Multiple myeloma,241,9375846.0,0.2078061878,Mortality,9.50576236832378,10.0,22120.6850127107,84.0,23.3,25.65,2.325199105062703e-05
Portugal,2015,10365435,Multiple myeloma,206,9320414.0,0.1773157174,Mortality,9.64253451834766,10.3,19215.7813014347,87.0,23.7,25.5,1.987374384191305e-05
Portugal,2016,10364704,Multiple myeloma,243,9281762.0,0.2016071966,Mortality,8.83773210008347,10.3,19980.2808866516,84.0,24.2,25.65,2.3444953631960035e-05
Portugal,2017,10364704,Multiple myeloma,229,9251686.0,0.191195919,Mortality,9.2551980440464,10.2,21442.3842768879,88.0,24.7,25.65,2.2094215562629005e-05
Portugal,2018,10364704,Multiple myeloma,238,9228523.0,0.1927993002,Mortality,9.02601451562929,10.2,23541.1401075289,84.0,25.2,25.65,2.2962547178627523e-05
Portugal,2019,10364704,Multiple myeloma,223,9222863.0,0.1766088605,Mortality,7.98256121876526,10.2,23343.3628970034,87.0,25.6,25.65,2.1515327818629992e-05
Portugal,2020,10298192,Multiple myeloma,212,9222564.0,0.1656423729,Mortality,8.45242266236737,8.6,22299.4044062173,84.0,26.1,25.6,2.0586137838564285e-05
Portugal,2021,10364704,Multiple myeloma,204,9222265.0,0.1570865406,Mortality,11.10418972289623,11.038095238095238,24711.4510062111,88.0,26.6,25.6,1.968218329596645e-05
Portugal,2022,10270865,Multiple myeloma,201,9221968.0,0.1522585199,Mortality,11.10418972289623,11.038095238095238,24620.519556875,84.0,27.1,25.6,1.9569919378747556e-05
Portugal,2000,10300626,Leukaemia,396,9600367.0,0.3590800246,Mortality,13.9602733944466,12.6,11526.3720667968,74.0,16.4,26.0,3.844426542619837e-05
Portugal,2001,10364704,Leukaemia,379,9647696.0,0.3392964743,Mortality,13.849569678602,12.6,11734.7649743954,84.0,16.8,25.65,3.656640916260433e-05
Portugal,2002,10364704,Leukaemia,427,9684678.0,0.3820642265,Mortality,13.6900462729622,12.4,12936.6928204482,84.0,17.3,25.65,4.119751111459644e-05
Portugal,2003,10364704,Leukaemia,441,9706126.0,0.3884850465,Mortality,13.4896924274961,12.3,15797.7821340276,84.0,17.8,25.65,4.254824918392747e-05
Portugal,2004,10364704,Leukaemia,408,9703550.0,0.3605585729,Mortality,13.2564973921723,12.2,18064.1580932987,84.0,18.4,25.65,3.93643665919329e-05
Portugal,2005,10364704,Leukaemia,395,9700970.0,0.3476329569,Mortality,12.9984504169596,12.0,18780.12751241,80.0,18.9,25.7,3.811010981326837e-05
Portugal,2006,10364704,Leukaemia,372,9698396.0,0.3274337956,Mortality,12.5977447886636,11.8,19839.4540499032,84.0,19.4,25.65,3.589104012793882e-05
Portugal,2007,10364704,Leukaemia,364,9695819.0,0.3188244478,Mortality,12.0295102444563,11.6,22811.0564844365,84.0,19.9,25.7,3.5119189802606805e-05
Portugal,2008,10364704,Leukaemia,372,9684487.0,0.3264512563,Mortality,11.4411407098565,11.5,24949.0413566739,84.0,20.4,25.65,3.589104012793882e-05
Portugal,2009,10364704,Leukaemia,391,9669620.0,0.3384172859,Mortality,10.9800301103829,11.4,23151.2154130712,84.0,20.9,25.65,3.772418465060237e-05
Portugal,2010,10588401,Leukaemia,393,9644186.0,0.3402779795,Mortality,10.7935723715541,11.2,22551.935098809,84.0,21.4,25.5,3.7116085799923896e-05
Portugal,2011,10364704,Leukaemia,380,9594798.0,0.3233543343,Mortality,11.5157580200238,10.6,23246.5425416481,84.0,21.9,25.65,3.666289045327084e-05
Portugal,2012,10364704,Leukaemia,370,9527327.0,0.3179711886,Mortality,10.1151524382993,10.0,20593.4274224109,84.0,22.3,25.65,3.569807754660582e-05
Portugal,2013,10364704,Leukaemia,390,9450675.0,0.3329605216,Mortality,9.76832048738232,9.8,21676.4859642714,84.0,22.8,25.65,3.762770335993586e-05
Portugal,2014,10364704,Leukaemia,349,9375846.0,0.2970114967,Mortality,9.50576236832378,10.0,22120.6850127107,84.0,23.3,25.65,3.367197044260927e-05
Portugal,2015,10365435,Leukaemia,376,9320414.0,0.3169260918,Mortality,9.64253451834766,10.3,19215.7813014347,87.0,23.7,25.5,3.627440623572479e-05
Portugal,2016,10364704,Leukaemia,388,9281762.0,0.3230978111,Mortality,8.83773210008347,10.3,19980.2808866516,84.0,24.2,25.65,3.7434740778602855e-05
Portugal,2017,10364704,Leukaemia,367,9251686.0,0.302274422,Mortality,9.2551980440464,10.2,21442.3842768879,88.0,24.7,25.65,3.540863367460631e-05
Portugal,2018,10364704,Leukaemia,337,9228523.0,0.2737514057,Mortality,9.02601451562929,10.2,23541.1401075289,84.0,25.2,25.65,3.2514194954611246e-05
Portugal,2019,10364704,Leukaemia,412,9222863.0,0.3256391082,Mortality,7.98256121876526,10.2,23343.3628970034,87.0,25.6,25.65,3.9750291754598905e-05
Portugal,2020,10298192,Leukaemia,379,9222564.0,0.2951108016,Mortality,8.45242266236737,8.6,22299.4044062173,84.0,26.1,25.6,3.6802576607622e-05
Portugal,2021,10364704,Leukaemia,354,9222265.0,0.2715131456,Mortality,11.10418972289623,11.038095238095238,24711.4510062111,88.0,26.6,25.6,3.415437689594178e-05
Portugal,2022,10270865,Leukaemia,339,9221968.0,0.2572414073,Mortality,11.10418972289623,11.038095238095238,24620.519556875,84.0,27.1,25.6,3.300598342982796e-05
Portugal,2000,10300626,Uterus,393,4895432.0,0.6546699471,Mortality,13.9602733944466,12.6,11526.3720667968,74.0,16.4,26.0,3.815302099115141e-05
Portugal,2001,10364704,Uterus,431,4915242.0,0.7032919936,Mortality,13.849569678602,12.6,11734.7649743954,84.0,16.8,25.65,4.158343627726245e-05
Portugal,2002,10364704,Uterus,368,4934304.0,0.5994095661,Mortality,13.6900462729622,12.4,12936.6928204482,84.0,17.3,25.65,3.550511496527281e-05
Portugal,2003,10364704,Uterus,385,4948385.0,0.6263310264,Mortality,13.4896924274961,12.3,15797.7821340276,84.0,17.8,25.65,3.7145296906603345e-05
Portugal,2004,10364704,Uterus,382,4948789.0,0.6180920127,Mortality,13.2564973921723,12.2,18064.1580932987,84.0,18.4,25.65,3.685585303460384e-05
Portugal,2005,10364704,Uterus,384,4949190.0,0.6172731284,Mortality,12.9984504169596,12.0,18780.12751241,80.0,18.9,25.7,3.704881561593685e-05
Portugal,2006,10364704,Uterus,383,4949597.0,0.6121715673,Mortality,12.5977447886636,11.8,19839.4540499032,84.0,19.4,25.65,3.6952334325270343e-05
Portugal,2007,10364704,Uterus,388,4950003.0,0.6157091107,Mortality,12.0295102444563,11.6,22811.0564844365,84.0,19.9,25.7,3.7434740778602855e-05
Portugal,2008,10364704,Uterus,373,4948024.0,0.5801471133,Mortality,11.4411407098565,11.5,24949.0413566739,84.0,20.4,25.65,3.598752141860532e-05
Portugal,2009,10364704,Uterus,411,4945741.0,0.6410518795,Mortality,10.9800301103829,11.4,23151.2154130712,84.0,20.9,25.65,3.96538104639324e-05
Portugal,2010,10588401,Uterus,379,4937921.0,0.5891458865,Mortality,10.7935723715541,11.2,22551.935098809,84.0,21.4,25.5,3.5793884270155615e-05
Portugal,2011,10364704,Uterus,384,4917885.0,0.5929524311,Mortality,11.5157580200238,10.6,23246.5425416481,84.0,21.9,25.65,3.704881561593685e-05
Portugal,2012,10364704,Uterus,336,4889197.0,0.5122374015,Mortality,10.1151524382993,10.0,20593.4274224109,84.0,22.3,25.65,3.241771366394474e-05
Portugal,2013,10364704,Uterus,325,4856698.0,0.5016930031,Mortality,9.76832048738232,9.8,21676.4859642714,84.0,22.8,25.65,3.1356419466613214e-05
Portugal,2014,10364704,Uterus,348,4824327.0,0.5244000095,Mortality,9.50576236832378,10.0,22120.6850127107,84.0,23.3,25.65,3.357548915194277e-05
Portugal,2015,10365435,Uterus,321,4799432.0,0.4845944679,Mortality,9.64253451834766,10.3,19215.7813014347,87.0,23.7,25.5,3.0968309578903344e-05
Portugal,2016,10364704,Uterus,358,4780603.0,0.5320411124,Mortality,8.83773210008347,10.3,19980.2808866516,84.0,24.2,25.65,3.4540302058607786e-05
Portugal,2017,10364704,Uterus,345,4765325.0,0.5022374985,Mortality,9.2551980440464,10.2,21442.3842768879,88.0,24.7,25.65,3.328604527994326e-05
Portugal,2018,10364704,Uterus,353,4755264.0,0.5103041665,Mortality,9.02601451562929,10.2,23541.1401075289,84.0,25.2,25.65,3.405789560527528e-05
Portugal,2019,10364704,Uterus,388,4750611.0,0.5462804532,Mortality,7.98256121876526,10.2,23343.3628970034,87.0,25.6,25.65,3.7434740778602855e-05
Portugal,2020,10298192,Uterus,359,4744228.0,0.5001657874,Mortality,8.45242266236737,8.6,22299.4044062173,84.0,26.1,25.6,3.4860488132285747e-05
Portugal,2021,10364704,Uterus,334,4737846.0,0.4603291465,Mortality,11.10418972289623,11.038095238095238,24711.4510062111,88.0,26.6,25.6,3.2224751082611736e-05
Portugal,2022,10270865,Uterus,312,4731466.0,0.4262198306,Mortality,11.10418972289623,11.038095238095238,24620.519556875,84.0,27.1,25.6,3.037718828939919e-05
