country_id,country_name,year,air_pollution
32,Argentina,2000,17.42603648416
51,Armenia,2000,27.498645550379
36,Australia,2000,7.45743282688833
40,Austria,2000,19.150573887216
56,Belgium,2000,19.4896989178456
48,Bahrain,2000,68.651142599615
112,Belarus,2000,27.8003375928239
84,Belize,2000,27.2006760965356
76,Brazil,2000,15.5723815602196
124,Canada,2000,9.79565640755295
756,Switzerland,2000,16.3078475386111
152,Chile,2000,28.0634138695562
156,China,2000,50.299193183916
170,Colombia,2000,25.3637180153758
188,Costa Rica,2000,21.3843731146703
192,Cuba,2000,21.3974205669767
196,Cyprus,2000,20.3070328790346
276,Germany,2000,18.149579025919
208,Denmark,2000,15.647778890228
218,Ecuador,2000,43.2126751514231
724,Spain,2000,16.0217993612102
233,Estonia,2000,11.8151297405178
246,Finland,2000,8.00512199497353
250,France (metropolitan),2000,16.0892961813444
826,United Kingdom,2000,16.1050537226586
268,Georgia,2000,15.6475442783829
300,Greece,2000,24.3887788903302
320,Guatemala,2000,37.474592031175
328,Guyana,2000,28.0653087700277
191,Croatia,2000,22.6073432457522
348,Hungary,2000,20.6558178895561
356,India,2000,61.511449777005
372,Ireland,2000,12.5487773722991
352,Iceland,2000,7.40415684416645
376,Israel,2000,25.3125485744393
380,Italy,2000,26.2472831488489
392,Japan,2000,13.1620736916056
417,Kyrgyzstan,2000,23.0380260652668
410,South Korea,2000,25.4379884924397
414,Kuwait,2000,59.028420443273
440,Lithuania,2000,18.083013444041
442,Luxembourg,2000,14.2553412411783
428,Latvia,2000,22.4970757971078
484,Mexico,2000,30.8563115445805
470,Malta,2000,17.5416711633875
480,Mauritius,2000,9.31039577146635
528,The Netherlands,2000,19.1568334196667
578,Norway,2000,10.4740973033701
554,New Zealand,2000,6.92139404317208
591,Panama,2000,19.0802656518594
608,Philippines,2000,31.5189595125717
616,Poland,2000,25.7907754089004
620,Portugal,2000,13.9602733944466
600,Paraguay,2000,13.555186049266
634,Qatar,2000,88.44531877478
642,Romania,2000,20.4022118211382
702,Singapore,2000,19.7999719213474
703,Slovakia,2000,21.3868373355091
705,Slovenia,2000,20.7629407401817
752,Sweden,2000,9.69526031154178
764,Thailand,2000,40.3912275638682
792,Türkiye,2000,22.4972966388602
800,Uganda,2000,33.2213088306491
858,Uruguay,2000,12.9448464771497
840,USA,2000,12.756295073002
860,Uzbekistan,2000,30.7136220978205
710,South Africa,2000,24.3617741485462
32,Argentina,2001,17.183873772998
51,Armenia,2001,27.4828126677005
36,Australia,2001,7.38895346175728
40,Austria,2001,18.9470662603211
56,Belgium,2001,19.0777373545756
48,Bahrain,2001,70.059687295923
112,Belarus,2001,26.825169286119
84,Belize,2001,26.9932961587769
76,Brazil,2001,15.5528127146329
124,Canada,2001,9.76086476457905
756,Switzerland,2001,15.9380919403534
152,Chile,2001,27.8750247662775
156,China,2001,50.6280489574036
170,Colombia,2001,24.8245779055363
188,Costa Rica,2001,21.2503622180599
192,Cuba,2001,21.206308539373
196,Cyprus,2001,20.1814093119104
276,Germany,2001,17.8080564787948
208,Denmark,2001,15.395412363636
218,Ecuador,2001,43.1110715739064
724,Spain,2001,15.8475793759903
233,Estonia,2001,11.3922862404784
246,Finland,2001,7.91863988097532
250,France (metropolitan),2001,15.8802927901306
826,United Kingdom,2001,15.8242932230906
268,Georgia,2001,15.4858796277587
300,Greece,2001,24.1488338817268
320,Guatemala,2001,36.5460733532087
328,Guyana,2001,27.6749218196649
191,Croatia,2001,22.9227100117706
348,Hungary,2001,20.8202477715374
356,India,2001,61.9068347721157
372,Ireland,2001,12.4264833741692
352,Iceland,2001,7.36401350857719
376,Israel,2001,25.2234272492841
380,Italy,2001,25.8127411843815
392,Japan,2001,13.0837219689452
417,Kyrgyzstan,2001,22.9429163032767
410,South Korea,2001,25.3445724763114
414,Kuwait,2001,60.4227305514236
440,Lithuania,2001,17.3276190793162
442,Luxembourg,2001,14.0914256061452
428,Latvia,2001,21.6067918371829
484,Mexico,2001,29.9444098873823
470,Malta,2001,17.3739401649506
480,Mauritius,2001,9.56066660623812
528,The Netherlands,2001,18.809077267801
578,Norway,2001,10.1879455331557
554,New Zealand,2001,6.85958648572071
591,Panama,2001,18.9634872971769
608,Philippines,2001,31.2923190881475
616,Poland,2001,26.0449129857227
620,Portugal,2001,13.849569678602
600,Paraguay,2001,13.4456009940226
634,Qatar,2001,90.0738424478758
642,Romania,2001,20.5727453427073
702,Singapore,2001,19.3142628589039
703,Slovakia,2001,21.6278516283468
705,Slovenia,2001,20.9341970231562
752,Sweden,2001,9.49612942440913
764,Thailand,2001,40.3506543167023
792,Türkiye,2001,22.393302857514
800,Uganda,2001,32.9681223741883
858,Uruguay,2001,12.7668375831259
840,USA,2001,12.6049538802777
860,Uzbekistan,2001,30.1330949818927
710,South Africa,2001,24.0639428788771
32,Argentina,2002,16.9235142685328
51,Armenia,2002,27.4848026556976
36,Australia,2002,7.26633772021658
40,Austria,2002,18.7785099320798
56,Belgium,2002,18.5922693848995
48,Bahrain,2002,71.9559586005481
112,Belarus,2002,25.3708864392258
84,Belize,2002,26.5202776749369
76,Brazil,2002,15.5176007943732
124,Canada,2002,9.72810868247048
756,Switzerland,2002,15.5090403870949
152,Chile,2002,27.5666336657884
156,China,2002,50.9679256961335
170,Colombia,2002,23.929353614622
188,Costa Rica,2002,21.0286242452936
192,Cuba,2002,20.7560611503545
196,Cyprus,2002,20.0359615757853
276,Germany,2002,17.4251209663774
208,Denmark,2002,15.0817525522341
218,Ecuador,2002,43.0813974104958
724,Spain,2002,15.5644729498625
233,Estonia,2002,10.8659889979478
246,Finland,2002,7.82803108552653
250,France (metropolitan),2002,15.6420884990136
826,United Kingdom,2002,15.5139600251641
268,Georgia,2002,15.3404190761104
300,Greece,2002,23.8019671660229
320,Guatemala,2002,35.1317690659313
328,Guyana,2002,26.7373174249219
191,Croatia,2002,23.4705060596986
348,Hungary,2002,21.1522211901366
356,India,2002,62.3725221530569
372,Ireland,2002,12.3040622950093
352,Iceland,2002,7.31543238709725
376,Israel,2002,25.1412265502932
380,Italy,2002,25.2571678268558
392,Japan,2002,12.9394908862862
417,Kyrgyzstan,2002,22.7582935832493
410,South Korea,2002,25.1965130774737
414,Kuwait,2002,61.7771352874504
440,Lithuania,2002,16.4295435196153
442,Luxembourg,2002,13.9364482552271
428,Latvia,2002,20.5080341220557
484,Mexico,2002,28.3754133915972
470,Malta,2002,17.1607690400214
480,Mauritius,2002,10.0484613474665
528,The Netherlands,2002,18.4175601180365
578,Norway,2002,9.77123127954717
554,New Zealand,2002,6.7529232983427
591,Panama,2002,18.7165070963527
608,Philippines,2002,31.05570387518
616,Poland,2002,26.5398574522192
620,Portugal,2002,13.6900462729622
600,Paraguay,2002,13.2274142700835
634,Qatar,2002,92.3707032121313
642,Romania,2002,20.8397542766711
702,Singapore,2002,18.5842525658608
703,Slovakia,2002,22.1249717498678
705,Slovenia,2002,21.268223162792
752,Sweden,2002,9.22155824913309
764,Thailand,2002,40.4326952705377
792,Türkiye,2002,22.1453932674278
800,Uganda,2002,32.364309878136
858,Uruguay,2002,12.4965101043769
840,USA,2002,12.4353763769804
860,Uzbekistan,2002,29.5059349848837
710,South Africa,2002,23.5893636134975
32,Argentina,2003,16.6435724137411
51,Armenia,2003,27.5378873564374
36,Australia,2003,7.13120227271499
40,Austria,2003,18.6169292381771
56,Belgium,2003,18.1085002652024
48,Bahrain,2003,73.8799083460396
112,Belarus,2003,23.8005944482748
84,Belize,2003,25.9062363191074
76,Brazil,2003,15.4707715670693
124,Canada,2003,9.69060887185911
756,Switzerland,2003,15.0665117216973
152,Chile,2003,27.1654672454526
156,China,2003,51.2610436241453
170,Colombia,2003,22.8825675533076
188,Costa Rica,2003,20.7436900349618
192,Cuba,2003,20.1976249122847
196,Cyprus,2003,19.8757470128298
276,Germany,2003,17.0534186624295
208,Denmark,2003,14.742653395412
218,Ecuador,2003,43.0473470554907
724,Spain,2003,15.2122004417795
233,Estonia,2003,10.3301268581838
246,Finland,2003,7.73384704624823
250,France (metropolitan),2003,15.3886822893843
826,United Kingdom,2003,15.1808631587997
268,Georgia,2003,15.2342270045445
300,Greece,2003,23.3884257573202
320,Guatemala,2003,33.5005185285342
328,Guyana,2003,25.5932264409115
191,Croatia,2003,24.0769485978838
348,Hungary,2003,21.5344986819374
356,India,2003,62.766353963477
372,Ireland,2003,12.1728497272074
352,Iceland,2003,7.25851087930184
376,Israel,2003,25.0639764650502
380,Italy,2003,24.6281664348107
392,Japan,2003,12.7497537681119
417,Kyrgyzstan,2003,22.5598882498993
410,South Korea,2003,24.9988034168125
414,Kuwait,2003,62.9365619789798
440,Lithuania,2003,15.5425823302599
442,Luxembourg,2003,13.7908891605103
428,Latvia,2003,19.4158394192282
484,Mexico,2003,26.5162170155356
470,Malta,2003,16.9496741589384
480,Mauritius,2003,10.6053806231737
528,The Netherlands,2003,18.0181068887099
578,Norway,2003,9.30851275504977
554,New Zealand,2003,6.63654227442674
591,Panama,2003,18.3823010749667
608,Philippines,2003,30.7743493607566
616,Poland,2003,27.1048298406849
620,Portugal,2003,13.4896924274961
600,Paraguay,2003,12.966481503164
634,Qatar,2003,94.7440660994636
642,Romania,2003,21.1260463408151
702,Singapore,2003,17.7392806593529
703,Slovakia,2003,22.7003052930194
705,Slovenia,2003,21.6496505670105
752,Sweden,2003,8.91945432965492
764,Thailand,2003,40.5281267680848
792,Türkiye,2003,21.8495187095391
800,Uganda,2003,31.6434916524877
858,Uruguay,2003,12.1726329405196
840,USA,2003,12.2408284111277
860,Uzbekistan,2003,28.9396310320505
710,South Africa,2003,23.0775934481989
32,Argentina,2004,16.3426626515998
51,Armenia,2004,27.6753386119868
36,Australia,2004,7.02516378970128
40,Austria,2004,18.4343485142981
56,Belgium,2004,17.70163525187
48,Bahrain,2004,75.3714883649469
112,Belarus,2004,22.4773987093966
84,Belize,2004,25.2757877653807
76,Brazil,2004,15.4163508003501
124,Canada,2004,9.64158604337681
756,Switzerland,2004,14.6563247870221
152,Chile,2004,26.6987521826339
156,China,2004,51.4496229654785
170,Colombia,2004,21.8887421322682
188,Costa Rica,2004,20.4200904256551
192,Cuba,2004,19.681946337527
196,Cyprus,2004,19.7058229652141
276,Germany,2004,16.7455957407135
208,Denmark,2004,14.4139688325594
218,Ecuador,2004,42.9326149031908
724,Spain,2004,14.8304822106943
233,Estonia,2004,9.87858866644381
246,Finland,2004,7.63663920076146
250,France (metropolitan),2004,15.1340731426338
826,United Kingdom,2004,14.8318116539182
268,Georgia,2004,15.1903677941676
300,Greece,2004,22.9484566697207
320,Guatemala,2004,31.9211611002083
328,Guyana,2004,24.5833797227468
191,Croatia,2004,24.5682548346735
348,Hungary,2004,21.8498407835233
356,India,2004,62.9461722470244
372,Ireland,2004,12.0241812631519
352,Iceland,2004,7.19334638476617
376,Israel,2004,24.9897069811385
380,Italy,2004,23.9733403667848
392,Japan,2004,12.5348839389059
417,Kyrgyzstan,2004,22.4234306479412
410,South Korea,2004,24.756436615214
414,Kuwait,2004,63.7459379536381
440,Lithuania,2004,14.8205310765714
442,Luxembourg,2004,13.6552282940809
428,Latvia,2004,18.5452444962024
484,Mexico,2004,24.7337157175082
470,Malta,2004,16.7881718920403
480,Mauritius,2004,11.0630250613817
528,The Netherlands,2004,17.646542498158
578,Norway,2004,8.88434817216868
554,New Zealand,2004,6.54558120736157
591,Panama,2004,18.0038452585985
608,Philippines,2004,30.4134910319648
616,Poland,2004,27.5690511834146
620,Portugal,2004,13.2564973921723
600,Paraguay,2004,12.7286583189791
634,Qatar,2004,96.6020961417903
642,Romania,2004,21.3544292529253
702,Singapore,2004,16.908686756515
703,Slovakia,2004,23.1759598507491
705,Slovenia,2004,21.9631106437327
752,Sweden,2004,8.6377252099159
764,Thailand,2004,40.5277251520537
792,Türkiye,2004,21.6016300247851
800,Uganda,2004,31.0392880072388
858,Uruguay,2004,11.8339749911707
840,USA,2004,12.0145758307373
860,Uzbekistan,2004,28.5416720486497
710,South Africa,2004,22.6681894787726
32,Argentina,2005,16.0193994250859
51,Armenia,2005,27.9304282644128
36,Australia,2005,6.98983894162423
40,Austria,2005,18.2027920961277
56,Belgium,2005,17.4468796012875
48,Bahrain,2005,75.9706504898194
112,Belarus,2005,21.764404618722
84,Belize,2005,24.7535476878486
76,Brazil,2005,15.3583642618445
124,Canada,2005,9.57426090765544
756,Switzerland,2005,14.3242984259311
152,Chile,2005,26.193715154696
156,China,2005,51.4758839441727
170,Colombia,2005,21.1523997621787
188,Costa Rica,2005,20.0823562559639
192,Cuba,2005,19.3599719384448
196,Cyprus,2005,19.5312467751087
276,Germany,2005,16.5542983749923
208,Denmark,2005,14.1315528030661
218,Ecuador,2005,42.6608953478956
724,Spain,2005,14.4590386155595
233,Estonia,2005,9.60526326798543
246,Finland,2005,7.53695898668728
250,France (metropolitan),2005,14.8922600401531
826,United Kingdom,2005,14.4736145404402
268,Georgia,2005,15.2319058260863
300,Greece,2005,22.5223069173261
320,Guatemala,2005,30.6625361401451
328,Guyana,2005,24.0485081255405
191,Croatia,2005,24.7706419784151
348,Hungary,2005,21.9810080314777
356,India,2005,62.7698190473475
372,Ireland,2005,11.8493924952309
352,Iceland,2005,7.12003630306545
376,Israel,2005,24.9164480861416
380,Italy,2005,23.3402929813168
392,Japan,2005,12.3152547231517
417,Kyrgyzstan,2005,22.4246511220895
410,South Korea,2005,24.4744057935641
414,Kuwait,2005,64.0501905390517
440,Lithuania,2005,14.4171853238712
442,Luxembourg,2005,13.5299456280254
428,Latvia,2005,18.1112861204801
484,Mexico,2005,23.3948044558255
470,Malta,2005,16.7237786096657
480,Mauritius,2005,11.2529952901128
528,The Netherlands,2005,17.3386918647178
578,Norway,2005,8.58329574340912
554,New Zealand,2005,6.51517789053587
591,Panama,2005,17.6241156728278
608,Philippines,2005,29.9383643758918
616,Poland,2005,27.7617425127035
620,Portugal,2005,12.9984504169596
600,Paraguay,2005,12.5798003432443
634,Qatar,2005,97.3529583710287
642,Romania,2005,21.4477107307875
702,Singapore,2005,16.221810474482
703,Slovakia,2005,23.374043016004
705,Slovenia,2005,22.0932348008799
752,Sweden,2005,8.4242784338573
764,Thailand,2005,40.3222667651549
792,Türkiye,2005,21.4976780541033
800,Uganda,2005,30.7853192523847
858,Uruguay,2005,11.5193051559469
840,USA,2005,11.7498844838268
860,Uzbekistan,2005,28.4195469599384
710,South Africa,2005,22.5007088010102
32,Argentina,2006,15.5877675221277
51,Armenia,2006,28.4040594680882
36,Australia,2006,7.04814950445881
40,Austria,2006,17.8024706211736
56,Belgium,2006,17.3306080027794
48,Bahrain,2006,74.6528084567212
112,Belarus,2006,21.555661490259
84,Belize,2006,24.2589002528347
76,Brazil,2006,15.2503863469125
124,Canada,2006,9.40182085213359
756,Switzerland,2006,14.0354502149848
152,Chile,2006,25.4313218784945
156,China,2006,50.9696705667541
170,Colombia,2006,20.6003919283618
188,Costa Rica,2006,19.6090845399907
192,Cuba,2006,19.1954916262929
196,Cyprus,2006,19.3234361835894
276,Germany,2006,16.4673340240739
208,Denmark,2006,13.8645243458452
218,Ecuador,2006,40.6649998941415
724,Spain,2006,14.0220409091183
233,Estonia,2006,9.49150211652796
246,Finland,2006,7.43418344243749
250,France (metropolitan),2006,14.6287316954908
826,United Kingdom,2006,14.0333652646937
268,Georgia,2006,15.421065141324
300,Greece,2006,22.0311629396323
320,Guatemala,2006,29.5999508598572
328,Guyana,2006,23.9375255270104
191,Croatia,2006,24.4359067796249
348,Hungary,2006,21.8234247969572
356,India,2006,61.1951099242157
372,Ireland,2006,11.5711334006069
352,Iceland,2006,7.00714143681389
376,Israel,2006,24.8430702434375
380,Italy,2006,22.622685769712
392,Japan,2006,12.0174240180157
417,Kyrgyzstan,2006,22.6379509127344
410,South Korea,2006,23.9837806396341
414,Kuwait,2006,63.7696557185435
440,Lithuania,2006,14.2765715251915
442,Luxembourg,2006,13.4267295726474
428,Latvia,2006,18.0087086881248
484,Mexico,2006,22.3696630456356
470,Malta,2006,16.7590769231956
480,Mauritius,2006,11.077573370866
528,The Netherlands,2006,17.0873539526835
578,Norway,2006,8.3718056211126
554,New Zealand,2006,6.57279629787026
591,Panama,2006,17.130398873231
608,Philippines,2006,29.1782265763242
616,Poland,2006,27.7200391553045
620,Portugal,2006,12.5977447886636
600,Paraguay,2006,12.4981511047327
634,Qatar,2006,95.8058004809302
642,Romania,2006,21.2993011373918
702,Singapore,2006,15.6032041493169
703,Slovakia,2006,23.1757791292256
705,Slovenia,2006,21.7654811995932
752,Sweden,2006,8.25715564450449
764,Thailand,2006,39.7521062500821
792,Türkiye,2006,21.8239657844295
800,Uganda,2006,30.8486426919378
858,Uruguay,2006,11.1823625429671
840,USA,2006,11.309448518998
860,Uzbekistan,2006,28.6354538088517
710,South Africa,2006,22.7170362946248
32,Argentina,2007,15.0427292384364
51,Armenia,2007,29.2219860543866
36,Australia,2007,7.16629810836131
40,Austria,2007,17.2316229771279
56,Belgium,2007,17.2634972753458
48,Bahrain,2007,71.5108350525909
112,Belarus,2007,21.449293067481
84,Belize,2007,23.6963824128613
76,Brazil,2007,15.0873086360928
124,Canada,2007,9.08026235211045
756,Switzerland,2007,13.7482163874631
152,Chile,2007,24.358253457235
156,China,2007,49.8862602874654
170,Colombia,2007,20.0641639163964
188,Costa Rica,2007,18.967324345694
192,Cuba,2007,19.0582324966618
196,Cyprus,2007,19.077613123502
276,Germany,2007,16.4178840311706
208,Denmark,2007,13.5854420597073
218,Ecuador,2007,36.2866971643751
724,Spain,2007,13.490557436925
233,Estonia,2007,9.42873775517208
246,Finland,2007,7.3276683346314
250,France (metropolitan),2007,14.3339971201938
826,United Kingdom,2007,13.5048788789412
268,Georgia,2007,15.8176451636329
300,Greece,2007,21.4468579907
320,Guatemala,2007,28.5247503758314
328,Guyana,2007,23.9276414429482
191,Croatia,2007,23.6376920748174
348,Hungary,2007,21.4476493915619
356,India,2007,58.0211349861865
372,Ireland,2007,11.183427609397
352,Iceland,2007,6.84979048517238
376,Israel,2007,24.7699951693732
380,Italy,2007,21.788257561314
392,Japan,2007,11.6214588221687
417,Kyrgyzstan,2007,23.1168779099364
410,South Korea,2007,23.2554477166084
414,Kuwait,2007,63.1006880696392
440,Lithuania,2007,14.2038714091332
442,Luxembourg,2007,13.343666837051
428,Latvia,2007,17.9604077828999
484,Mexico,2007,21.363754834612
470,Malta,2007,16.8432498246899
480,Mauritius,2007,10.6524254237964
528,The Netherlands,2007,16.8600537860816
578,Norway,2007,8.17307019719305
554,New Zealand,2007,6.69225241519321
591,Panama,2007,16.4824078207149
608,Philippines,2007,28.0341722365094
616,Poland,2007,27.6048215747412
620,Portugal,2007,12.0295102444563
600,Paraguay,2007,12.4250915061089
634,Qatar,2007,92.1164239737723
642,Romania,2007,20.9454013377561
702,Singapore,2007,14.9552764832534
703,Slovakia,2007,22.7029960146004
705,Slovenia,2007,20.9839149196018
752,Sweden,2007,8.09484166609447
764,Thailand,2007,38.7509301612035
792,Türkiye,2007,22.6020633334284
800,Uganda,2007,31.0457522951455
858,Uruguay,2007,10.7966309010516
840,USA,2007,10.6730029423263
860,Uzbekistan,2007,29.2177411456159
710,South Africa,2007,23.2441138514745
32,Argentina,2008,14.5043652786628
51,Armenia,2008,30.454755880876
36,Australia,2008,7.30082270505242
40,Austria,2008,16.6393158749523
56,Belgium,2008,17.2072058698858
48,Bahrain,2008,67.7608706862893
112,Belarus,2008,21.364516390716
84,Belize,2008,23.1683390213192
76,Brazil,2008,14.9351326747822
124,Canada,2008,8.66701975000882
756,Switzerland,2008,13.4985437713066
152,Chile,2008,23.2503096478062
156,China,2008,48.6560235019206
170,Colombia,2008,19.6051288373421
188,Costa Rica,2008,18.3142845924477
192,Cuba,2008,18.9580468384187
196,Cyprus,2008,18.8345412246726
276,Germany,2008,16.3766553966518
208,Denmark,2008,13.3353192238882
218,Ecuador,2008,30.8131172297608
724,Spain,2008,12.9746541971488
233,Estonia,2008,9.37598066324752
246,Finland,2008,7.21793319320128
250,France (metropolitan),2008,14.0595857426506
826,United Kingdom,2008,12.9950468220049
268,Georgia,2008,16.4410733482129
300,Greece,2008,20.8856093064781
320,Guatemala,2008,27.5798309047198
328,Guyana,2008,23.9520301855779
191,Croatia,2008,22.6849842013375
348,Hungary,2008,20.9991432625418
356,India,2008,54.3676481000901
372,Ireland,2008,10.7846711934217
352,Iceland,2008,6.68793269253617
376,Israel,2008,24.6975797309857
380,Italy,2008,20.9957277217196
392,Japan,2008,11.2279961123512
417,Kyrgyzstan,2008,23.9058824329157
410,South Korea,2008,22.504125458493
414,Kuwait,2008,62.3022428112696
440,Lithuania,2008,14.1446134543711
442,Luxembourg,2008,13.2608348415223
428,Latvia,2008,17.9236469538566
484,Mexico,2008,20.4969000798536
470,Malta,2008,16.9437142555058
480,Mauritius,2008,10.1292281649105
528,The Netherlands,2008,16.6547053728472
578,Norway,2008,8.00676104351433
554,New Zealand,2008,6.82821205375524
591,Panama,2008,15.8317581488557
608,Philippines,2008,26.5791929727268
616,Poland,2008,27.4309285084638
620,Portugal,2008,11.4411407098565
600,Paraguay,2008,12.3711832339251
634,Qatar,2008,87.7129745942613
642,Romania,2008,20.523004802707
702,Singapore,2008,14.3741516426824
703,Slovakia,2008,22.1387064906928
705,Slovenia,2008,20.0510777467089
752,Sweden,2008,7.955908814386
764,Thailand,2008,37.3495127087413
792,Türkiye,2008,23.5308222381306
800,Uganda,2008,31.3844233698563
858,Uruguay,2008,10.4304960908687
840,USA,2008,10.0093748880401
860,Uzbekistan,2008,30.2231236564234
710,South Africa,2008,23.8990840855684
32,Argentina,2009,14.0927563474575
51,Armenia,2009,32.172916805124
36,Australia,2009,7.40826124625286
40,Austria,2009,16.1746160256084
56,Belgium,2009,17.1233922372982
48,Bahrain,2009,64.6190557666771
112,Belarus,2009,21.220548500292
84,Belize,2009,22.777114931599
76,Brazil,2009,14.8598600083774
124,Canada,2009,8.21952738825148
756,Switzerland,2009,13.3223791944562
152,Chile,2009,22.3832902070972
156,China,2009,47.7093306057335
170,Colombia,2009,19.284699802258
188,Costa Rica,2009,17.8071741996257
192,Cuba,2009,18.9047869404309
196,Cyprus,2009,18.6349841169269
276,Germany,2009,16.3143551208868
208,Denmark,2009,13.1551691176237
218,Ecuador,2009,25.5313901614633
724,Spain,2009,12.584397187959
233,Estonia,2009,9.29224132008397
246,Finland,2009,7.1054975480794
250,France (metropolitan),2009,13.8570269912499
826,United Kingdom,2009,12.6107605327068
268,Georgia,2009,17.3107771502641
300,Greece,2009,20.4636341229157
320,Guatemala,2009,26.9080886631746
328,Guyana,2009,23.9438660671232
191,Croatia,2009,21.88676949653
348,Hungary,2009,20.6233678571466
356,India,2009,51.3544031327568
372,Ireland,2009,10.4732602245015
352,Iceland,2009,6.5615173033005
376,Israel,2009,24.6261807953123
380,Italy,2009,20.4038156165254
392,Japan,2009,10.9376728653037
417,Kyrgyzstan,2009,25.0494148008925
410,South Korea,2009,21.9445322992938
414,Kuwait,2009,61.6332751623654
440,Lithuania,2009,14.0443261395798
442,Luxembourg,2009,13.1583110063474
428,Latvia,2009,17.8556897500464
484,Mexico,2009,19.8889190384594
470,Malta,2009,17.0278871570001
480,Mauritius,2009,9.65965831021468
528,The Netherlands,2009,16.4692227209156
578,Norway,2009,7.89254973194028
554,New Zealand,2009,6.93534102480686
591,Panama,2009,15.3300654912291
608,Philippines,2009,24.8862804012556
616,Poland,2009,27.2131986939225
620,Portugal,2009,10.9800301103829
600,Paraguay,2009,12.3469879747333
634,Qatar,2009,84.0235980871034
642,Romania,2009,20.1691050030713
702,Singapore,2009,13.9559537939949
703,Slovakia,2009,21.6659233760675
705,Slovenia,2009,19.2695114667176
752,Sweden,2009,7.85892940513784
764,Thailand,2009,35.5786281029176
792,Türkiye,2009,24.3090940355664
800,Uganda,2009,31.8724312239187
858,Uruguay,2009,10.1523439730869
840,USA,2009,9.48739149036763
860,Uzbekistan,2009,31.7083160274671
710,South Africa,2009,24.4990896109155
32,Argentina,2010,13.9279831494715
51,Armenia,2010,34.4470166846987
36,Australia,2010,7.44515168368333
40,Austria,2010,15.9865901400578
56,Belgium,2010,16.9737148284819
48,Bahrain,2010,63.301530702615
112,Belarus,2010,20.9366064365372
84,Belize,2010,22.6250549970911
76,Brazil,2010,14.9274921822751
124,Canada,2010,7.79521960926122
756,Switzerland,2010,13.2556694848526
152,Chile,2010,22.0329948919966
156,China,2010,47.4765519945183
170,Colombia,2010,19.1642899222037
188,Costa Rica,2010,17.6032020866019
192,Cuba,2010,18.9083050915655
196,Cyprus,2010,18.5197054300908
276,Germany,2010,16.201690204245
208,Denmark,2010,13.0860050201498
218,Ecuador,2010,21.7286460306471
724,Spain,2010,12.4298524075247
233,Estonia,2010,9.13653020501115
246,Finland,2010,6.99088092919804
250,France (metropolitan),2010,13.7778502943804
826,United Kingdom,2010,12.4589114498692
268,Georgia,2010,18.4461840249862
300,Greece,2010,20.2971496759618
320,Guatemala,2010,26.652419867848
328,Guyana,2010,23.836323399808
191,Croatia,2010,21.5520342977398
348,Hungary,2010,20.465784622626
356,India,2010,50.1011539510167
372,Ireland,2010,10.3475907744569
352,Iceland,2010,6.51049356186064
376,Israel,2010,24.5561552293902
380,Italy,2010,20.1712406113281
392,Japan,2010,10.8511260577664
417,Kyrgyzstan,2010,26.5919253330871
410,South Korea,2010,21.7913866730167
414,Kuwait,2010,61.3527403418571
440,Lithuania,2010,13.8485379434341
442,Luxembourg,2010,13.0161727518124
428,Latvia,2010,17.7137997205206
484,Mexico,2010,19.6596319675283
470,Malta,2010,17.06318547053
480,Mauritius,2010,9.39539257571533
528,The Netherlands,2010,16.3015198382221
578,Norway,2010,7.85010783433474
554,New Zealand,2010,6.96830513959859
591,Panama,2010,15.1289454814112
608,Philippines,2010,23.0284261383751
616,Poland,2010,26.9664708685675
620,Portugal,2010,10.7935723715541
600,Paraguay,2010,12.3630674150856
634,Qatar,2010,82.4764401970049
642,Romania,2010,20.0206954096756
702,Singapore,2010,13.796807103582
703,Slovakia,2010,21.4676594892892
705,Slovenia,2010,18.9417578654309
752,Sweden,2010,7.82247575410873
764,Thailand,2010,33.4690505539545
792,Türkiye,2010,24.6357302627663
800,Uganda,2010,32.517551165181
858,Uruguay,2010,10.0305604083746
840,USA,2010,9.27587988353719
860,Uzbekistan,2010,33.7300329449397
710,South Africa,2010,24.861273041525
32,Argentina,2011,14.2389306717038
51,Armenia,2011,41.8107255386856
36,Australia,2011,7.32070663499973
40,Austria,2011,16.3676317593698
56,Belgium,2011,16.3662739599691
48,Bahrain,2011,66.7273263961034
112,Belarus,2011,18.6953550823705
84,Belize,2011,25.0167214312121
76,Brazil,2011,15.539471795948
124,Canada,2011,7.37287638245787
756,Switzerland,2011,13.864731836329
152,Chile,2011,22.8717891996678
156,China,2011,51.34994369566
170,Colombia,2011,20.5518377125816
188,Costa Rica,2011,19.4251836697019
192,Cuba,2011,19.6720738913487
196,Cyprus,2011,18.4875017910321
276,Germany,2011,15.7161711583543
208,Denmark,2011,13.3556789508458
218,Ecuador,2011,19.5919330091265
724,Spain,2011,13.4200482874381
233,Estonia,2011,8.27663619619013
246,Finland,2011,6.87039455156535
250,France (metropolitan),2011,13.7974719352463
826,United Kingdom,2011,13.0110598336171
268,Georgia,2011,22.1991814081631
300,Greece,2011,21.3833542936023
320,Guatemala,2011,30.2785784962163
328,Guyana,2011,23.1327579636656
191,Croatia,2011,23.6135683044921
348,Hungary,2011,21.3088927870016
356,India,2011,61.708624213512
372,Ireland,2011,10.5404229786943
352,Iceland,2011,6.70874031735348
376,Israel,2011,24.4804002133439
380,Italy,2011,21.3353676583094
392,Japan,2011,12.2742530701447
417,Kyrgyzstan,2011,33.450584373058
410,South Korea,2011,24.8830450375162
414,Kuwait,2011,65.1115344079268
440,Lithuania,2011,12.3194519812497
442,Luxembourg,2011,12.7279864121044
428,Latvia,2011,15.525589653222
484,Mexico,2011,22.4736336205905
470,Malta,2011,16.1027075945735
480,Mauritius,2011,9.3272356948409
528,The Netherlands,2011,16.1617295903622
578,Norway,2011,8.65989791417676
554,New Zealand,2011,6.74391297899936
591,Panama,2011,15.8945138063768
608,Philippines,2011,20.2762007200701
616,Poland,2011,26.5458489052773
620,Portugal,2011,11.5157580200238
600,Paraguay,2011,13.0739532959182
634,Qatar,2011,87.9624107804434
642,Romania,2011,21.3631759849928
702,Singapore,2011,15.5030932335334
703,Slovakia,2011,22.5558562408852
705,Slovenia,2011,20.6973508722527
752,Sweden,2011,7.91243933234096
764,Thailand,2011,29.0591951880929
792,Türkiye,2011,23.7473685846179
800,Uganda,2011,35.0271400705232
858,Uruguay,2011,10.0509517421341
840,USA,2011,9.36462744857706
860,Uzbekistan,2011,44.1982936152516
710,South Africa,2011,24.9968845183073
32,Argentina,2012,13.3571618542264
51,Armenia,2012,43.2896148307344
36,Australia,2012,7.53280029437137
40,Austria,2012,14.7199011900978
56,Belgium,2012,15.2150084633195
48,Bahrain,2012,70.0606736033788
112,Belarus,2012,18.0675396231787
84,Belize,2012,23.7091047742089
76,Brazil,2012,14.6007414104339
124,Canada,2012,7.58558915249491
756,Switzerland,2012,12.6827485821719
152,Chile,2012,21.9147180810935
156,China,2012,48.1207251131123
170,Colombia,2012,18.1430860286647
188,Costa Rica,2012,17.9369232929949
192,Cuba,2012,19.6276365485068
196,Cyprus,2012,16.876649443899
276,Germany,2012,13.9078592571706
208,Denmark,2012,10.811456086122
218,Ecuador,2012,20.8650376880852
724,Spain,2012,12.0395432976255
233,Estonia,2012,7.99013886909247
246,Finland,2012,6.23115629479583
250,France (metropolitan),2012,12.5585885208406
826,United Kingdom,2012,11.4844614132453
268,Georgia,2012,23.0631259897014
300,Greece,2012,18.8095113490598
320,Guatemala,2012,27.3005597247054
328,Guyana,2012,24.0202750476087
191,Croatia,2012,20.9195365864097
348,Hungary,2012,18.932021260415
356,India,2012,74.0031607462287
372,Ireland,2012,9.58893302932057
352,Iceland,2012,6.11017540376794
376,Israel,2012,22.1038555397058
380,Italy,2012,18.765688121919
392,Japan,2012,12.8068431271902
417,Kyrgyzstan,2012,34.3817087122114
410,South Korea,2012,25.5767916080653
414,Kuwait,2012,65.1385584071027
440,Lithuania,2012,12.373124789345
442,Luxembourg,2012,11.3764588719617
428,Latvia,2012,14.9825047352387
484,Mexico,2012,20.1560213023659
470,Malta,2012,14.106355803411
480,Mauritius,2012,9.10271819827775
528,The Netherlands,2012,14.3672482834675
578,Norway,2012,7.30698815670179
554,New Zealand,2012,6.77378849107112
591,Panama,2012,14.6776716917331
608,Philippines,2012,21.8351961883251
616,Poland,2012,24.1304928281428
620,Portugal,2012,10.1151524382993
600,Paraguay,2012,12.3612452179307
634,Qatar,2012,95.6228667032868
642,Romania,2012,19.4249667326641
702,Singapore,2012,16.9223599271481
703,Slovakia,2012,20.342178101972
705,Slovenia,2012,18.3430191214734
752,Sweden,2012,6.6090550437011
764,Thailand,2012,31.5886298984382
792,Türkiye,2012,23.2440162263121
800,Uganda,2012,35.8905665839316
858,Uruguay,2012,9.71687395840984
840,USA,2012,9.01055428019472
860,Uzbekistan,2012,43.9047519110738
710,South Africa,2012,24.6444105011731
32,Argentina,2013,14.7643699932772
51,Armenia,2013,41.050500477264
36,Australia,2013,7.4331406197536
40,Austria,2013,14.6599487004805
56,Belgium,2013,14.3697873081768
48,Bahrain,2013,68.1447019157403
112,Belarus,2013,18.9735248940446
84,Belize,2013,26.8732782139428
76,Brazil,2013,13.8897320409453
124,Canada,2013,7.26096632331949
756,Switzerland,2013,12.4432960759198
152,Chile,2013,23.7625028118101
156,China,2013,58.4662215596184
170,Colombia,2013,18.9282488611578
188,Costa Rica,2013,18.4901589297792
192,Cuba,2013,19.9113493948996
196,Cyprus,2013,16.2406674925642
276,Germany,2013,13.6633968189434
208,Denmark,2013,10.3963287855885
218,Ecuador,2013,19.8592620729833
724,Spain,2013,11.2505956077366
233,Estonia,2013,8.08122179915709
246,Finland,2013,5.85285267653954
250,France (metropolitan),2013,12.4582922718332
826,United Kingdom,2013,11.3936196663408
268,Georgia,2013,22.2517576861155
300,Greece,2013,17.9600807887087
320,Guatemala,2013,29.0925322950372
328,Guyana,2013,23.9124180658873
191,Croatia,2013,20.2640413078795
348,Hungary,2013,17.8529756602872
356,India,2013,76.2501768290597
372,Ireland,2013,9.19408716106259
352,Iceland,2013,5.96459941016024
376,Israel,2013,22.578207348874
380,Italy,2013,18.0540998276206
392,Japan,2013,13.2542512411266
417,Kyrgyzstan,2013,33.828057010964
410,South Korea,2013,27.4929658439861
414,Kuwait,2013,66.1412461870028
440,Lithuania,2013,12.4131714589563
442,Luxembourg,2013,11.7081477939315
428,Latvia,2013,15.4093695076531
484,Mexico,2013,20.8739317391487
470,Malta,2013,13.3766872999129
480,Mauritius,2013,9.57883414266686
528,The Netherlands,2013,13.2849780292156
578,Norway,2013,7.02749190738719
554,New Zealand,2013,6.77775160923795
591,Panama,2013,15.3884130435778
608,Philippines,2013,22.7402636854564
616,Poland,2013,23.1892115212622
620,Portugal,2013,9.76832048738232
600,Paraguay,2013,11.7070023253943
634,Qatar,2013,88.6466197970471
642,Romania,2013,17.8711054888739
702,Singapore,2013,18.076662563077
703,Slovakia,2013,19.5808878710842
705,Slovenia,2013,18.16324478528
752,Sweden,2013,6.56222856877152
764,Thailand,2013,34.4883511418629
792,Türkiye,2013,23.5023978223691
800,Uganda,2013,34.8200496489628
858,Uruguay,2013,10.8314475554018
840,USA,2013,8.74620817680451
860,Uzbekistan,2013,42.947720361075
710,South Africa,2013,24.1607460915842
32,Argentina,2014,13.9500593062949
51,Armenia,2014,38.639237611456
36,Australia,2014,7.38760302103561
40,Austria,2014,12.9541454673827
56,Belgium,2014,12.9003587052878
48,Bahrain,2014,59.1499735070702
112,Belarus,2014,19.3974713758219
84,Belize,2014,26.766330789615
76,Brazil,2014,13.7916487838641
124,Canada,2014,7.38092988336422
756,Switzerland,2014,10.6156284957703
152,Chile,2014,23.0317537681692
156,China,2014,54.5688342973092
170,Colombia,2014,18.33821147907
188,Costa Rica,2014,17.5539609994868
192,Cuba,2014,20.762060268269
196,Cyprus,2014,16.1114833623758
276,Germany,2014,12.2822480920893
208,Denmark,2014,10.8104890765495
218,Ecuador,2014,20.2791788990402
724,Spain,2014,10.5798592110443
233,Estonia,2014,8.70767888073313
246,Finland,2014,6.11857316281583
250,France (metropolitan),2014,10.687674674804
826,United Kingdom,2014,10.8076454562065
268,Georgia,2014,20.9791754789627
300,Greece,2014,16.8699265288991
320,Guatemala,2014,26.7327979035299
328,Guyana,2014,24.2311867349748
191,Croatia,2014,19.8289409065182
348,Hungary,2014,17.9397743889142
356,India,2014,79.0373957134889
372,Ireland,2014,8.84472665206141
352,Iceland,2014,5.78710561432072
376,Israel,2014,21.175469715827
380,Italy,2014,16.8936828833708
392,Japan,2014,13.740610303435
417,Kyrgyzstan,2014,30.5484635194377
410,South Korea,2014,28.3760075385872
414,Kuwait,2014,50.028931868526
440,Lithuania,2014,12.7577404745041
442,Luxembourg,2014,9.99782870623861
428,Latvia,2014,16.0993170108535
484,Mexico,2014,19.667850241261
470,Malta,2014,13.4804864315632
480,Mauritius,2014,9.44659217541541
528,The Netherlands,2014,12.61325866781
578,Norway,2014,7.09267324687363
554,New Zealand,2014,6.59603176441408
591,Panama,2014,14.8554074199235
608,Philippines,2014,20.3368824432152
616,Poland,2014,23.433827803997
620,Portugal,2014,9.50576236832378
600,Paraguay,2014,11.4592064094704
634,Qatar,2014,75.1764824465315
642,Romania,2014,17.9898360506608
702,Singapore,2014,17.2816885850335
703,Slovakia,2014,19.2661010504213
705,Slovenia,2014,17.79704248843
752,Sweden,2014,6.77228861428546
764,Thailand,2014,29.9705384622081
792,Türkiye,2014,23.4874858374985
800,Uganda,2014,34.111616669843
858,Uruguay,2014,10.4423977068601
840,USA,2014,8.5101265108009
860,Uzbekistan,2014,39.4888403264479
710,South Africa,2014,24.5484834922425
32,Argentina,2015,14.6245514656634
51,Armenia,2015,38.1148586893988
36,Australia,2015,7.18466162026884
40,Austria,2015,13.5999635409
56,Belgium,2015,13.3390429399775
48,Bahrain,2015,71.5594978371491
112,Belarus,2015,17.6059281150121
84,Belize,2015,27.5566748212023
76,Brazil,2015,12.4042007642389
124,Canada,2015,7.11576183142395
756,Switzerland,2015,11.7226082380351
152,Chile,2015,24.2782298076617
156,China,2015,50.832537964484
170,Colombia,2015,17.6079787372288
188,Costa Rica,2015,17.6636155108417
192,Cuba,2015,21.4005165459257
196,Cyprus,2015,16.9122147785325
276,Germany,2015,12.8253525089793
208,Denmark,2015,10.2267270069046
218,Ecuador,2015,20.1729639726852
724,Spain,2015,11.2555313002962
233,Estonia,2015,7.18496063252666
246,Finland,2015,5.62500854589343
250,France (metropolitan),2015,11.3442976642006
826,United Kingdom,2015,10.4602728529493
268,Georgia,2015,20.3304736500391
300,Greece,2015,17.2372072771469
320,Guatemala,2015,27.4004163899267
328,Guyana,2015,25.8352498994325
191,Croatia,2015,20.1718710437292
348,Hungary,2015,17.9802501362595
356,India,2015,73.810991410386
372,Ireland,2015,8.81158216131006
352,Iceland,2015,5.73328095255678
376,Israel,2015,22.1043027343095
380,Italy,2015,17.7600165229672
392,Japan,2015,12.8685359282927
417,Kyrgyzstan,2015,29.7484121402712
410,South Korea,2015,26.2899620146574
414,Kuwait,2015,64.5479644305319
440,Lithuania,2015,11.3028578201847
442,Luxembourg,2015,10.3915303158858
428,Latvia,2015,13.6554000536401
484,Mexico,2015,19.4864853369113
470,Malta,2015,13.6814730924333
480,Mauritius,2015,9.13027374403697
528,The Netherlands,2015,13.1341450114978
578,Norway,2015,6.75214227846257
554,New Zealand,2015,6.57020164227168
591,Panama,2015,14.7706187901647
608,Philippines,2015,19.7079275985218
616,Poland,2015,22.4139830731908
620,Portugal,2015,9.64253451834766
600,Paraguay,2015,10.4338184152061
634,Qatar,2015,97.7000280042596
642,Romania,2015,17.4955175712912
702,Singapore,2015,17.1833032960407
703,Slovakia,2015,19.1867476350431
705,Slovenia,2015,17.7209260643327
752,Sweden,2015,6.30260504424704
764,Thailand,2015,28.1544413826202
792,Türkiye,2015,24.5603763797256
800,Uganda,2015,36.4158643204587
858,Uruguay,2015,10.4692129562066
840,USA,2015,8.19074183499752
860,Uzbekistan,2015,37.8356286365777
710,South Africa,2015,24.5964053006527
32,Argentina,2016,14.2700594540808
51,Armenia,2016,35.8609078798257
36,Australia,2016,7.20069562395068
40,Austria,2016,12.5143795701306
56,Belgium,2016,12.3939007132505
48,Bahrain,2016,64.2193035294402
112,Belarus,2016,15.8319434819688
84,Belize,2016,25.608806996967
76,Brazil,2016,12.1085038135727
124,Canada,2016,6.40675155079521
756,Switzerland,2016,10.6566460014216
152,Chile,2016,24.2218424802596
156,China,2016,46.8324682508133
170,Colombia,2016,17.312215487627
188,Costa Rica,2016,16.8973562895418
192,Cuba,2016,19.7476038869862
196,Cyprus,2016,14.4813342529054
276,Germany,2016,11.7806958987308
208,Denmark,2016,9.23431703209402
218,Ecuador,2016,20.7399169622061
724,Spain,2016,10.338836110853
233,Estonia,2016,6.87835279660374
246,Finland,2016,5.27813456745499
250,France (metropolitan),2016,10.508154814077
826,United Kingdom,2016,10.0359721133567
268,Georgia,2016,19.3139668885259
300,Greece,2016,15.7750345686768
320,Guatemala,2016,25.2167964925021
328,Guyana,2016,25.3854930398264
191,Croatia,2016,18.1778313300349
348,Hungary,2016,16.2389389235353
356,India,2016,75.7890035327013
372,Ireland,2016,8.11019374827621
352,Iceland,2016,5.27717772615425
376,Israel,2016,18.8170113677762
380,Italy,2016,15.7011486972657
392,Japan,2016,12.799061198144
417,Kyrgyzstan,2016,29.0193222002259
410,South Korea,2016,26.6704344134095
414,Kuwait,2016,59.2319560603482
440,Lithuania,2016,10.2329418108878
442,Luxembourg,2016,9.61318538725802
428,Latvia,2016,12.6030729844024
484,Mexico,2016,18.8449182383899
470,Malta,2016,12.5325633579629
480,Mauritius,2016,8.98829540881102
528,The Netherlands,2016,11.9585215795702
578,Norway,2016,6.23059189808068
554,New Zealand,2016,6.63410190310228
591,Panama,2016,13.8724498973293
608,Philippines,2016,19.9069716374648
616,Poland,2016,21.2485092459447
620,Portugal,2016,8.83773210008347
600,Paraguay,2016,10.4105012225018
634,Qatar,2016,83.6854921169063
642,Romania,2016,16.5983385295736
702,Singapore,2016,15.900294890346
703,Slovakia,2016,17.8788004543361
705,Slovenia,2016,16.4517774590328
752,Sweden,2016,5.69783329212579
764,Thailand,2016,30.3985996204755
792,Türkiye,2016,23.83379270795
800,Uganda,2016,35.1867637433366
858,Uruguay,2016,10.2628739093634
840,USA,2016,7.40835009300858
860,Uzbekistan,2016,37.5481850195136
710,South Africa,2016,24.1476891116721
32,Argentina,2017,13.9690174802422
51,Armenia,2017,34.0153569947094
36,Australia,2017,7.4285359593217
40,Austria,2017,12.1557592255042
56,Belgium,2017,12.7691577876359
48,Bahrain,2017,61.237494601176
112,Belarus,2017,15.7775132293532
84,Belize,2017,26.1751165590281
76,Brazil,2017,12.2193388464901
124,Canada,2017,7.04492025305158
756,Switzerland,2017,9.91481464472654
152,Chile,2017,23.4116041349236
156,China,2017,45.8369336166997
170,Colombia,2017,17.2528522521135
188,Costa Rica,2017,17.165875341513
192,Cuba,2017,20.1327865141339
196,Cyprus,2017,15.1071226081124
276,Germany,2017,11.8978451129639
208,Denmark,2017,10.0945595167367
218,Ecuador,2017,19.2459328647667
724,Spain,2017,10.4366670528408
233,Estonia,2017,6.15485238171865
246,Finland,2017,5.12673961318144
250,France (metropolitan),2017,10.4583123660264
826,United Kingdom,2017,10.3814201449701
268,Georgia,2017,18.5342689563052
300,Greece,2017,15.6724100278411
320,Guatemala,2017,25.1845452119376
328,Guyana,2017,25.2164770735339
191,Croatia,2017,18.7613905967833
348,Hungary,2017,17.0236884271225
356,India,2017,67.3122713926644
372,Ireland,2017,8.38429636583274
352,Iceland,2017,5.83996279608708
376,Israel,2017,20.0293441275017
380,Italy,2017,15.9660261772019
392,Japan,2017,13.1198276213348
417,Kyrgyzstan,2017,26.8562254174832
410,South Korea,2017,26.0043671138493
414,Kuwait,2017,58.1291719707309
440,Lithuania,2017,9.79993642739852
442,Luxembourg,2017,9.60846654630366
428,Latvia,2017,11.6679973108454
484,Mexico,2017,18.3002285485373
470,Malta,2017,12.9026022733936
480,Mauritius,2017,8.99594985085889
528,The Netherlands,2017,12.7176558041706
578,Norway,2017,6.52155808218128
554,New Zealand,2017,6.82907618571061
591,Panama,2017,13.844753026596
608,Philippines,2017,18.3327018141416
616,Poland,2017,22.2631718698092
620,Portugal,2017,9.2551980440464
600,Paraguay,2017,10.2879780314547
634,Qatar,2017,83.268990615565
642,Romania,2017,17.0446117524786
702,Singapore,2017,16.0768840541767
703,Slovakia,2017,18.1847497519631
705,Slovenia,2017,16.502696435309
752,Sweden,2017,6.06180356722068
764,Thailand,2017,27.1006744719071
792,Türkiye,2017,22.1031402126985
800,Uganda,2017,32.2396992843572
858,Uruguay,2017,10.0613622046924
840,USA,2017,7.79040584360488
860,Uzbekistan,2017,35.2121570323591
710,South Africa,2017,23.754937395964
32,Argentina,2018,14.1850800443346
51,Armenia,2018,34.201366074335
36,Australia,2018,7.74121920379958
40,Austria,2018,12.5861934480679
56,Belgium,2018,12.4925874999047
48,Bahrain,2018,71.8872328410934
112,Belarus,2018,16.9825400264261
84,Belize,2018,26.7474102969967
76,Brazil,2018,12.2516401526844
124,Canada,2018,7.09175111254794
756,Switzerland,2018,10.1481592849367
152,Chile,2018,23.0512130318909
156,China,2018,40.2663875187565
170,Colombia,2018,16.0492875724803
188,Costa Rica,2018,15.1307436338713
192,Cuba,2018,20.9153664764928
196,Cyprus,2018,15.24949999422
276,Germany,2018,11.6526030992972
208,Denmark,2018,10.3539340590391
218,Ecuador,2018,18.386683414634
724,Spain,2018,10.1845744948112
233,Estonia,2018,7.7966811057876
246,Finland,2018,5.49695736300986
250,France (metropolitan),2018,10.4599453286038
826,United Kingdom,2018,10.2397854923418
268,Georgia,2018,18.4542384404894
300,Greece,2018,15.5840100248101
320,Guatemala,2018,23.2233964899274
328,Guyana,2018,25.7636448984049
191,Croatia,2018,20.0014497847215
348,Hungary,2018,17.5018535227019
356,India,2018,68.1209525065052
372,Ireland,2018,8.2986369369357
352,Iceland,2018,5.55924065638007
376,Israel,2018,20.5625974806507
380,Italy,2018,16.3354361294692
392,Japan,2018,13.0790330283313
417,Kyrgyzstan,2018,27.4518144818682
410,South Korea,2018,25.9343920098722
414,Kuwait,2018,63.4583554482098
440,Lithuania,2018,11.0838572805935
442,Luxembourg,2018,9.29178826573985
428,Latvia,2018,14.2076039693657
484,Mexico,2018,16.652186272493
470,Malta,2018,13.1132959646537
480,Mauritius,2018,9.64568180967703
528,The Netherlands,2018,12.0708917579666
578,Norway,2018,6.69607752509394
554,New Zealand,2018,7.21258721355312
591,Panama,2018,13.2136956449094
608,Philippines,2018,20.5885077839401
616,Poland,2018,22.4094051941271
620,Portugal,2018,9.02601451562929
600,Paraguay,2018,10.4898126276478
634,Qatar,2018,93.3069571843647
642,Romania,2018,17.1719925973938
702,Singapore,2018,15.9768571619193
703,Slovakia,2018,18.678784905987
705,Slovenia,2018,18.1801552844915
752,Sweden,2018,6.29086232136503
764,Thailand,2018,30.0080973964844
792,Türkiye,2018,22.8252290987339
800,Uganda,2018,33.1279166723642
858,Uruguay,2018,10.1340724978496
840,USA,2018,7.8220065111125
860,Uzbekistan,2018,34.8354317604587
710,South Africa,2018,23.8122504048776
32,Argentina,2019,14.3996238920365
51,Armenia,2019,32.6618235324139
36,Australia,2019,9.33099031566264
40,Austria,2019,11.4645937760057
56,Belgium,2019,11.2143791835506
48,Bahrain,2019,59.9655174851019
112,Belarus,2019,15.6177925850738
84,Belize,2019,26.1465334719171
76,Brazil,2019,12.3488400923542
124,Canada,2019,6.22680169266749
756,Switzerland,2019,9.45001875443382
152,Chile,2019,22.7323927701622
156,China,2019,37.5475753654351
170,Colombia,2019,14.5158658042874
188,Costa Rica,2019,13.3766440949763
192,Cuba,2019,20.3431122356184
196,Cyprus,2019,15.0066614653737
276,Germany,2019,10.6378495266542
208,Denmark,2019,9.61197285377196
218,Ecuador,2019,17.769931645036
724,Spain,2019,9.35354339662499
233,Estonia,2019,6.84482514683862
246,Finland,2019,5.37867032806067
250,France (metropolitan),2019,9.82524600527018
826,United Kingdom,2019,9.94569869317993
268,Georgia,2019,17.6183021493385
300,Greece,2019,14.9419055519621
320,Guatemala,2019,20.2102810509295
328,Guyana,2019,26.0920734823741
191,Croatia,2019,15.914853988952
348,Hungary,2019,14.6412354449754
356,India,2019,59.8919808842351
372,Ireland,2019,7.8923946735653
352,Iceland,2019,5.48155807169081
376,Israel,2019,19.5556432093837
380,Italy,2019,14.8936858575121
392,Japan,2019,12.9378727869587
417,Kyrgyzstan,2019,26.7613844313409
410,South Korea,2019,26.0153634264606
414,Kuwait,2019,52.7825054963873
440,Lithuania,2019,10.2465023749528
442,Luxembourg,2019,8.4591046194554
428,Latvia,2019,12.4865833165492
484,Mexico,2019,14.7051077997851
470,Malta,2019,12.5909175285117
480,Mauritius,2019,9.27666690706869
528,The Netherlands,2019,11.3641419467189
578,Norway,2019,6.38122446338577
554,New Zealand,2019,7.42296671535298
591,Panama,2019,11.8842931085395
608,Philippines,2019,21.5254371973976
616,Poland,2019,18.7701954101512
620,Portugal,2019,7.98256121876526
600,Paraguay,2019,10.1222564891858
634,Qatar,2019,81.0088337801126
642,Romania,2019,15.0073403663299
702,Singapore,2019,17.0759063187283
703,Slovakia,2019,15.8371166474072
705,Slovenia,2019,13.9082165762349
752,Sweden,2019,6.06869269595507
764,Thailand,2019,30.382756547172
792,Türkiye,2019,23.6946115800374
800,Uganda,2019,31.4850134786862
858,Uruguay,2019,10.298591147894
840,USA,2019,7.17602147949022
860,Uzbekistan,2019,34.1331992575325
710,South Africa,2019,23.1897720637682
32,Argentina,2020,14.9081737974407
51,Armenia,2020,30.5796334750125
36,Australia,2020,8.25171746070811
40,Austria,2020,10.9335136815146
56,Belgium,2020,11.2160664677018
48,Bahrain,2020,58.4950629834781
112,Belarus,2020,14.6089903841381
84,Belize,2020,28.6518070195516
76,Brazil,2020,12.1793252040724
124,Canada,2020,6.56566994375263
756,Switzerland,2020,9.06104968621636
152,Chile,2020,23.2750668049145
156,China,2020,34.8105237153218
170,Colombia,2020,14.1832514905064
188,Costa Rica,2020,14.3075712471404
192,Cuba,2020,21.2367242811561
196,Cyprus,2020,13.508701890821
276,Germany,2020,10.2876894329414
208,Denmark,2020,9.06983927345931
218,Ecuador,2020,16.6570210758922
724,Spain,2020,9.58105460690675
233,Estonia,2020,6.14573290973003
246,Finland,2020,4.89518090216668
250,France (metropolitan),2020,9.60038144780495
826,United Kingdom,2020,9.91288560282114
268,Georgia,2020,17.0438421058507
300,Greece,2020,14.4089280374361
320,Guatemala,2020,21.6357355920496
328,Guyana,2020,25.460668047299
191,Croatia,2020,16.1208592960264
348,Hungary,2020,14.1364995764273
356,India,2020,48.3948115195574
372,Ireland,2020,8.17058601306707
352,Iceland,2020,5.10554827500189
376,Israel,2020,18.5982756348314
380,Italy,2020,14.6586386239905
392,Japan,2020,12.835201662985
417,Kyrgyzstan,2020,24.3817252281764
410,South Korea,2020,25.9439899531653
414,Kuwait,2020,53.7151434413218
440,Lithuania,2020,9.21893860360944
442,Luxembourg,2020,8.67476189540246
428,Latvia,2020,11.6020322023647
484,Mexico,2020,14.9923440243315
470,Malta,2020,11.7226648774147
480,Mauritius,2020,9.15296880580014
528,The Netherlands,2020,10.8892498470498
578,Norway,2020,6.05589724673443
554,New Zealand,2020,6.48591499675774
591,Panama,2020,11.4700607490209
608,Philippines,2020,20.2887417122616
616,Poland,2020,17.9583314936851
620,Portugal,2020,8.45242266236737
600,Paraguay,2020,10.0891599097852
634,Qatar,2020,75.6630329481338
642,Romania,2020,14.8501731264834
702,Singapore,2020,13.8691955865476
703,Slovakia,2020,15.3916194257365
705,Slovenia,2020,14.2911527506818
752,Sweden,2020,5.63670790600148
764,Thailand,2020,31.0072016277159
792,Türkiye,2020,21.6120469179783
800,Uganda,2020,33.8077192571642
858,Uruguay,2020,10.5717923259135
840,USA,2020,7.81485752365112
860,Uzbekistan,2020,31.9604294559849
710,South Africa,2020,23.753069242361
32,Argentina,2021,
51,Armenia,2021,
36,Australia,2021,
40,Austria,2021,
56,Belgium,2021,
48,Bahrain,2021,
112,Belarus,2021,
84,Belize,2021,
76,Brazil,2021,
124,Canada,2021,
756,Switzerland,2021,
152,Chile,2021,
156,China,2021,
170,Colombia,2021,
188,Costa Rica,2021,
192,Cuba,2021,
196,Cyprus,2021,
276,Germany,2021,
208,Denmark,2021,
218,Ecuador,2021,
724,Spain,2021,
233,Estonia,2021,
246,Finland,2021,
250,France (metropolitan),2021,
826,United Kingdom,2021,
268,Georgia,2021,
300,Greece,2021,
320,Guatemala,2021,
328,Guyana,2021,
191,Croatia,2021,
348,Hungary,2021,
356,India,2021,
372,Ireland,2021,
352,Iceland,2021,
376,Israel,2021,
380,Italy,2021,
392,Japan,2021,
417,Kyrgyzstan,2021,
410,South Korea,2021,
414,Kuwait,2021,
440,Lithuania,2021,
442,Luxembourg,2021,
428,Latvia,2021,
484,Mexico,2021,
470,Malta,2021,
480,Mauritius,2021,
528,The Netherlands,2021,
578,Norway,2021,
554,New Zealand,2021,
591,Panama,2021,
608,Philippines,2021,
616,Poland,2021,
620,Portugal,2021,
600,Paraguay,2021,
634,Qatar,2021,
642,Romania,2021,
702,Singapore,2021,
703,Slovakia,2021,
705,Slovenia,2021,
752,Sweden,2021,
764,Thailand,2021,
792,Türkiye,2021,
800,Uganda,2021,
858,Uruguay,2021,
840,USA,2021,
860,Uzbekistan,2021,
710,South Africa,2021,
32,Argentina,2022,
51,Armenia,2022,
36,Australia,2022,
40,Austria,2022,
56,Belgium,2022,
48,Bahrain,2022,
112,Belarus,2022,
84,Belize,2022,
76,Brazil,2022,
124,Canada,2022,
756,Switzerland,2022,
152,Chile,2022,
156,China,2022,
170,Colombia,2022,
188,Costa Rica,2022,
192,Cuba,2022,
196,Cyprus,2022,
276,Germany,2022,
208,Denmark,2022,
218,Ecuador,2022,
724,Spain,2022,
233,Estonia,2022,
246,Finland,2022,
250,France (metropolitan),2022,
826,United Kingdom,2022,
268,Georgia,2022,
300,Greece,2022,
320,Guatemala,2022,
328,Guyana,2022,
191,Croatia,2022,
348,Hungary,2022,
356,India,2022,
372,Ireland,2022,
352,Iceland,2022,
376,Israel,2022,
380,Italy,2022,
392,Japan,2022,
417,Kyrgyzstan,2022,
410,South Korea,2022,
414,Kuwait,2022,
440,Lithuania,2022,
442,Luxembourg,2022,
428,Latvia,2022,
484,Mexico,2022,
470,Malta,2022,
480,Mauritius,2022,
528,The Netherlands,2022,
578,Norway,2022,
554,New Zealand,2022,
591,Panama,2022,
608,Philippines,2022,
616,Poland,2022,
620,Portugal,2022,
600,Paraguay,2022,
634,Qatar,2022,
642,Romania,2022,
702,Singapore,2022,
703,Slovakia,2022,
705,Slovenia,2022,
752,Sweden,2022,
764,Thailand,2022,
792,Türkiye,2022,
800,Uganda,2022,
858,Uruguay,2022,
840,USA,2022,
860,Uzbekistan,2022,
710,South Africa,2022,
32,Argentina,2023,
51,Armenia,2023,
36,Australia,2023,
40,Austria,2023,
56,Belgium,2023,
48,Bahrain,2023,
112,Belarus,2023,
84,Belize,2023,
76,Brazil,2023,
124,Canada,2023,
756,Switzerland,2023,
152,Chile,2023,
156,China,2023,
170,Colombia,2023,
188,Costa Rica,2023,
192,Cuba,2023,
196,Cyprus,2023,
276,Germany,2023,
208,Denmark,2023,
218,Ecuador,2023,
724,Spain,2023,
233,Estonia,2023,
246,Finland,2023,
250,France (metropolitan),2023,
826,United Kingdom,2023,
268,Georgia,2023,
300,Greece,2023,
320,Guatemala,2023,
328,Guyana,2023,
191,Croatia,2023,
348,Hungary,2023,
356,India,2023,
372,Ireland,2023,
352,Iceland,2023,
376,Israel,2023,
380,Italy,2023,
392,Japan,2023,
417,Kyrgyzstan,2023,
410,South Korea,2023,
414,Kuwait,2023,
440,Lithuania,2023,
442,Luxembourg,2023,
428,Latvia,2023,
484,Mexico,2023,
470,Malta,2023,
480,Mauritius,2023,
528,The Netherlands,2023,
578,Norway,2023,
554,New Zealand,2023,
591,Panama,2023,
608,Philippines,2023,
616,Poland,2023,
620,Portugal,2023,
600,Paraguay,2023,
634,Qatar,2023,
642,Romania,2023,
702,Singapore,2023,
703,Slovakia,2023,
705,Slovenia,2023,
752,Sweden,2023,
764,Thailand,2023,
792,Türkiye,2023,
800,Uganda,2023,
858,Uruguay,2023,
840,USA,2023,
860,Uzbekistan,2023,
710,South Africa,2023,
32,Argentina,2024,
51,Armenia,2024,
36,Australia,2024,
40,Austria,2024,
56,Belgium,2024,
48,Bahrain,2024,
112,Belarus,2024,
84,Belize,2024,
76,Brazil,2024,
124,Canada,2024,
756,Switzerland,2024,
152,Chile,2024,
156,China,2024,
170,Colombia,2024,
188,Costa Rica,2024,
192,Cuba,2024,
196,Cyprus,2024,
276,Germany,2024,
208,Denmark,2024,
218,Ecuador,2024,
724,Spain,2024,
233,Estonia,2024,
246,Finland,2024,
250,France (metropolitan),2024,
826,United Kingdom,2024,
268,Georgia,2024,
300,Greece,2024,
320,Guatemala,2024,
328,Guyana,2024,
191,Croatia,2024,
348,Hungary,2024,
356,India,2024,
372,Ireland,2024,
352,Iceland,2024,
376,Israel,2024,
380,Italy,2024,
392,Japan,2024,
417,Kyrgyzstan,2024,
410,South Korea,2024,
414,Kuwait,2024,
440,Lithuania,2024,
442,Luxembourg,2024,
428,Latvia,2024,
484,Mexico,2024,
470,Malta,2024,
480,Mauritius,2024,
528,The Netherlands,2024,
578,Norway,2024,
554,New Zealand,2024,
591,Panama,2024,
608,Philippines,2024,
616,Poland,2024,
620,Portugal,2024,
600,Paraguay,2024,
634,Qatar,2024,
642,Romania,2024,
702,Singapore,2024,
703,Slovakia,2024,
705,Slovenia,2024,
752,Sweden,2024,
764,Thailand,2024,
792,Türkiye,2024,
800,Uganda,2024,
858,Uruguay,2024,
840,USA,2024,
860,Uzbekistan,2024,
710,South Africa,2024,
