country_id,country_name,year,diabetes
32,Argentina,2000,0.07766967984617884
32,Argentina,2001,0.07908852974823599
32,Argentina,2002,0.0804303573579109
32,Argentina,2003,0.08172798692072425
32,Argentina,2004,0.08300415541692695
32,Argentina,2005,0.0842882850884417
32,Argentina,2006,0.08556074203937014
32,Argentina,2007,0.08683840222042094
32,Argentina,2008,0.08813987593411166
32,Argentina,2009,0.08946040621306145
32,Argentina,2010,0.0907686769640487
32,Argentina,2011,0.09204474260246434
32,Argentina,2012,0.0933039324360896
32,Argentina,2013,0.09451187785097875
32,Argentina,2014,0.09566101890994445
32,Argentina,2015,0.0967942249359755
32,Argentina,2016,0.09789332970920919
32,Argentina,2017,0.0989603240066682
32,Argentina,2018,0.1000311070402396
32,Argentina,2019,0.1011926842745107
32,Argentina,2020,0.102500970756514
32,Argentina,2021,0.103969272136167
32,Argentina,2022,0.1055708420259055
51,Armenia,2000,0.08636356930823685
51,Armenia,2001,0.08776275761267355
51,Armenia,2002,0.08905933433486271
51,Armenia,2003,0.0902830224304305
51,Armenia,2004,0.09141314921536234
51,Armenia,2005,0.09246685530965915
51,Armenia,2006,0.09344339518230035
51,Armenia,2007,0.09434508439292574
51,Armenia,2008,0.0952214604672531
51,Armenia,2009,0.0960896180099918
51,Armenia,2010,0.096912391467512
51,Armenia,2011,0.09769717310243864
51,Armenia,2012,0.0984975393863253
51,Armenia,2013,0.09938840489802281
51,Armenia,2014,0.10049146651705546
51,Armenia,2015,0.10184611343248665
51,Armenia,2016,0.1035011639238171
51,Armenia,2017,0.10529224618473859
51,Armenia,2018,0.10718341579455255
51,Armenia,2019,0.10929260196624746
51,Armenia,2020,0.111624654287001
51,Armenia,2021,0.114159420756926
51,Armenia,2022,0.1169300104152455
36,Australia,2000,0.0438552007856342
36,Australia,2001,0.0447810561688778
36,Australia,2002,0.045795466991060754
36,Australia,2003,0.0468987192384654
36,Australia,2004,0.04810610085829755
36,Australia,2005,0.04943411203978485
36,Australia,2006,0.0508653979305309
36,Australia,2007,0.05238442377756835
36,Australia,2008,0.053947979843068206
36,Australia,2009,0.0554878279675487
36,Australia,2010,0.0569311479585734
36,Australia,2011,0.0582894177228499
36,Australia,2012,0.0596408406835501
36,Australia,2013,0.06105964650770945
36,Australia,2014,0.06260810775269621
36,Australia,2015,0.06431687674777595
36,Australia,2016,0.06620164592333296
36,Australia,2017,0.068240006312425
36,Australia,2018,0.07047164463996135
36,Australia,2019,0.07288210422311805
36,Australia,2020,0.0754671960146569
36,Australia,2021,0.0782352966731385
36,Australia,2022,0.08119828387620334
40,Austria,2000,0.048622407440489346
40,Austria,2001,0.0491734582706728
40,Austria,2002,0.0496505505720387
40,Austria,2003,0.050063997761986404
40,Austria,2004,0.05042235417648495
40,Austria,2005,0.05072095396232125
40,Austria,2006,0.050931279186813255
40,Austria,2007,0.0510489721351165
40,Austria,2008,0.0510862197977178
40,Austria,2009,0.05101386734204465
40,Austria,2010,0.0508388278350603
40,Austria,2011,0.05060084306338225
40,Austria,2012,0.050359428826036653
40,Austria,2013,0.050164379827189104
40,Austria,2014,0.0500268589063257
40,Austria,2015,0.049955862187180594
40,Austria,2016,0.04996341010479165
40,Austria,2017,0.05003327671194605
40,Austria,2018,0.050209602952431404
40,Austria,2019,0.05048595670756045
40,Austria,2020,0.0508683901244888
40,Austria,2021,0.05135242233984835
40,Austria,2022,0.0519503000947993
48,Bahrain,2000,0.16197509454305248
48,Bahrain,2001,0.165002086028128
48,Bahrain,2002,0.1678472041703615
48,Bahrain,2003,0.17054165039553748
48,Bahrain,2004,0.173170896643925
48,Bahrain,2005,0.175785769057641
48,Bahrain,2006,0.17844907705233498
48,Bahrain,2007,0.1811982239695995
48,Bahrain,2008,0.18404289247326
48,Bahrain,2009,0.1870380076078065
48,Bahrain,2010,0.1900024324345785
48,Bahrain,2011,0.1928106949119705
48,Bahrain,2012,0.1954999225787875
48,Bahrain,2013,0.19820560081886252
48,Bahrain,2014,0.20098955265199098
48,Bahrain,2015,0.2038660422122715
48,Bahrain,2016,0.20683932961865448
48,Bahrain,2017,0.208976345657729
48,Bahrain,2018,0.2102783121185275
48,Bahrain,2019,0.2114681368212105
48,Bahrain,2020,0.21275303130841
48,Bahrain,2021,0.214142559349943
48,Bahrain,2022,0.215672479922222
112,Belarus,2000,0.0462511966939959
112,Belarus,2001,0.046904557972305194
112,Belarus,2002,0.0475793954829389
112,Belarus,2003,0.048288568460210804
112,Belarus,2004,0.049046512626070043
112,Belarus,2005,0.04985231239706065
112,Belarus,2006,0.0507006116955287
112,Belarus,2007,0.05158049815735455
112,Belarus,2008,0.0524909254168889
112,Belarus,2009,0.0534458056379088
112,Belarus,2010,0.0544325847090563
112,Belarus,2011,0.0554728110427761
112,Belarus,2012,0.05657976580831385
112,Belarus,2013,0.05778620875588995
112,Belarus,2014,0.0591073773851333
112,Belarus,2015,0.06058451445727845
112,Belarus,2016,0.06226176111830185
112,Belarus,2017,0.0641591068019332
112,Belarus,2018,0.0663153111934155
112,Belarus,2019,0.06873696921937336
112,Belarus,2020,0.07137769258418375
112,Belarus,2021,0.07419557593711115
112,Belarus,2022,0.07719621124865389
56,Belgium,2000,0.03627438101683405
56,Belgium,2001,0.03662979111669925
56,Belgium,2002,0.03706124062926015
56,Belgium,2003,0.037576521803021595
56,Belgium,2004,0.038188080412335346
56,Belgium,2005,0.0388921565516374
56,Belgium,2006,0.03967752369441975
56,Belgium,2007,0.040540273261594845
56,Belgium,2008,0.04149468185317785
56,Belgium,2009,0.04251238497092645
56,Belgium,2010,0.04357512922764305
56,Belgium,2011,0.044706458295818596
56,Belgium,2012,0.045944269991862144
56,Belgium,2013,0.04732776366339945
56,Belgium,2014,0.0488679284637647
56,Belgium,2015,0.0505728008219304
56,Belgium,2016,0.05242661438453735
56,Belgium,2017,0.054425534922335095
56,Belgium,2018,0.056591071467217896
56,Belgium,2019,0.0589338785541816
56,Belgium,2020,0.0614663221643582
56,Belgium,2021,0.0641711525505746
56,Belgium,2022,0.06705651652910816
84,Belize,2000,0.10578065248331214
84,Belize,2001,0.10903390645228464
84,Belize,2002,0.11240581295483859
84,Belize,2003,0.1159101954677736
84,Belize,2004,0.11953604052450285
84,Belize,2005,0.12331593169421076
84,Belize,2006,0.127264199071719
84,Belize,2007,0.13136328377697998
84,Belize,2008,0.135564755996677
84,Belize,2009,0.1398455917119175
84,Belize,2010,0.14410233575485998
84,Belize,2011,0.148267008746325
84,Belize,2012,0.1523113531123795
84,Belize,2013,0.156207333736412
84,Belize,2014,0.15994048055434051
84,Belize,2015,0.16356593580510548
84,Belize,2016,0.167114729269814
84,Belize,2017,0.1706156784935985
84,Belize,2018,0.17410205298168951
84,Belize,2019,0.1776596762720885
84,Belize,2020,0.181406784151573
84,Belize,2021,0.185354027746636
84,Belize,2022,0.189482771697597
76,Brazil,2000,0.07522102737915365
76,Brazil,2001,0.0758855890549542
76,Brazil,2002,0.07653715423289176
76,Brazil,2003,0.0772502121977344
76,Brazil,2004,0.078109376024354
76,Brazil,2005,0.07917090423323561
76,Brazil,2006,0.080427822007982
76,Brazil,2007,0.08190636050845965
76,Brazil,2008,0.08364011537122375
76,Brazil,2009,0.0856771203137473
76,Brazil,2010,0.0879974887055294
76,Brazil,2011,0.09057651488458354
76,Brazil,2012,0.0933488379732096
76,Brazil,2013,0.0962911651547605
76,Brazil,2014,0.09934697970764614
76,Brazil,2015,0.10251835105052509
76,Brazil,2016,0.10578352781956785
76,Brazil,2017,0.1091337576467895
76,Brazil,2018,0.1125812843598665
76,Brazil,2019,0.1161911000586375
76,Brazil,2020,0.12001894425441449
76,Brazil,2021,0.124049549472385
76,Brazil,2022,0.1282682975099535
124,Canada,2000,0.06686002744397895
124,Canada,2001,0.0660430984373988
124,Canada,2002,0.06527907532555385
124,Canada,2003,0.06459508948846755
124,Canada,2004,0.06402692321228876
124,Canada,2005,0.06359197560537161
124,Canada,2006,0.0632863368078304
124,Canada,2007,0.06312421233948305
124,Canada,2008,0.0630686145950786
124,Canada,2009,0.0630511553829128
124,Canada,2010,0.06300162351910875
124,Canada,2011,0.06289448779919715
124,Canada,2012,0.06280096924109825
124,Canada,2013,0.06280220721618315
124,Canada,2014,0.06296867958910195
124,Canada,2015,0.06332981782983775
124,Canada,2016,0.06384441303072545
124,Canada,2017,0.0644491225850335
124,Canada,2018,0.0651633347354985
124,Canada,2019,0.06596463093044636
124,Canada,2020,0.06686512620831256
124,Canada,2021,0.06786736238003176
124,Canada,2022,0.0689526978395158
152,Chile,2000,0.07861439914814039
152,Chile,2001,0.08106369372570771
152,Chile,2002,0.0834696959478691
152,Chile,2003,0.08585060466568085
152,Chile,2004,0.088236343508904
152,Chile,2005,0.09064411690576425
152,Chile,2006,0.09307571506026666
152,Chile,2007,0.09554613558946305
152,Chile,2008,0.0980898405893624
152,Chile,2009,0.10072691841259016
152,Chile,2010,0.1034764088821592
152,Chile,2011,0.10628463507506615
152,Chile,2012,0.10913262350264899
152,Chile,2013,0.1119946517138105
152,Chile,2014,0.114838562975934
152,Chile,2015,0.117681462342859
152,Chile,2016,0.12052086790456
152,Chile,2017,0.1233598543312495
152,Chile,2018,0.1262507586295625
152,Chile,2019,0.129252002105966
152,Chile,2020,0.1324345842941875
152,Chile,2021,0.1357944185941185
152,Chile,2022,0.139312191628443
156,China,2000,0.0619518748847583
156,China,2001,0.0629669679263662
156,China,2002,0.06407877111883195
156,China,2003,0.06524734558828615
156,China,2004,0.0664235020967662
156,China,2005,0.06763483302980755
156,China,2006,0.06892980369625805
156,China,2007,0.07027789824356685
156,China,2008,0.07170797783250721
156,China,2009,0.0732140544930078
156,China,2010,0.07477497097091071
156,China,2011,0.076399728094234
156,China,2012,0.0781573484016308
156,China,2013,0.08020053891728984
156,China,2014,0.08255542503351485
156,China,2015,0.0852453155114547
156,China,2016,0.08829433433976094
156,China,2017,0.09156615367345175
156,China,2018,0.09505832876472764
156,China,2019,0.0987893696028337
156,China,2020,0.10275006545235621
156,China,2021,0.1069640967084419
156,China,2022,0.11142675288737844
170,Colombia,2000,0.07027300718223915
170,Colombia,2001,0.0725699749262009
170,Colombia,2002,0.075011767271773
170,Colombia,2003,0.07764298803836955
170,Colombia,2004,0.08042845450698191
170,Colombia,2005,0.08334614959981385
170,Colombia,2006,0.08640868356516965
170,Colombia,2007,0.08958900180698434
170,Colombia,2008,0.09284270939134324
170,Colombia,2009,0.09610741510177455
170,Colombia,2010,0.0993053938033477
170,Colombia,2011,0.102350661542468
170,Colombia,2012,0.10510525006893401
170,Colombia,2013,0.1075256845948285
170,Colombia,2014,0.10963139023736751
170,Colombia,2015,0.11144476646184401
170,Colombia,2016,0.1130110452891625
170,Colombia,2017,0.11439752382454449
170,Colombia,2018,0.1157393576694585
170,Colombia,2019,0.1171339185473365
170,Colombia,2020,0.118680204001328
170,Colombia,2021,0.12040107688069901
170,Colombia,2022,0.12231644660582949
188,Costa Rica,2000,0.0865350056580412
188,Costa Rica,2001,0.0905982309187589
188,Costa Rica,2002,0.09505117873272476
188,Costa Rica,2003,0.0999449585420407
188,Costa Rica,2004,0.10531437176191485
188,Costa Rica,2005,0.1111934429106585
188,Costa Rica,2006,0.117581924848899
188,Costa Rica,2007,0.124452729615967
188,Costa Rica,2008,0.1317461928752305
188,Costa Rica,2009,0.1394292197484105
188,Costa Rica,2010,0.14739672937707948
188,Costa Rica,2011,0.155563044756551
188,Costa Rica,2012,0.1636753206171535
188,Costa Rica,2013,0.171540515479962
188,Costa Rica,2014,0.1790231396377565
188,Costa Rica,2015,0.1860315118215815
188,Costa Rica,2016,0.192640388782845
188,Costa Rica,2017,0.19892832134816302
188,Costa Rica,2018,0.20507693046957198
188,Costa Rica,2019,0.21127218617869348
188,Costa Rica,2020,0.21763928927585752
188,Costa Rica,2021,0.2241944555461535
188,Costa Rica,2022,0.23102602656159898
191,Croatia,2000,0.053097498725397055
191,Croatia,2001,0.05383861933731475
191,Croatia,2002,0.05469443768886105
191,Croatia,2003,0.05566580091311585
191,Croatia,2004,0.056771337772673944
191,Croatia,2005,0.0579972311636097
191,Croatia,2006,0.05934015103238415
191,Croatia,2007,0.06079013990459105
191,Croatia,2008,0.06234661404873475
191,Croatia,2009,0.06403024235796376
191,Croatia,2010,0.06579316038638125
191,Croatia,2011,0.06762752121611215
191,Croatia,2012,0.0695108563439895
191,Croatia,2013,0.07141657388360985
191,Croatia,2014,0.07338327919147
191,Croatia,2015,0.0753830082707342
191,Croatia,2016,0.07741661212521256
191,Croatia,2017,0.0794724917648306
191,Croatia,2018,0.08158060452267575
191,Croatia,2019,0.0837989338731214
191,Croatia,2020,0.08614547932336515
191,Croatia,2021,0.08864067124607761
191,Croatia,2022,0.09129562266487855
192,Cuba,2000,0.08863582421894589
192,Cuba,2001,0.09102753013746095
192,Cuba,2002,0.0933872409747822
192,Cuba,2003,0.09569762703200971
192,Cuba,2004,0.09797038310468395
192,Cuba,2005,0.10019306595921426
192,Cuba,2006,0.1023544565539134
192,Cuba,2007,0.10446260416460905
192,Cuba,2008,0.10647794808537919
192,Cuba,2009,0.10838700361947701
192,Cuba,2010,0.11012381894786549
192,Cuba,2011,0.1116643662366205
192,Cuba,2012,0.112944623244566
192,Cuba,2013,0.11392596517842399
192,Cuba,2014,0.11463284943520799
192,Cuba,2015,0.1151464753776625
192,Cuba,2016,0.115489638143151
192,Cuba,2017,0.1156712858391665
192,Cuba,2018,0.115784067566772
192,Cuba,2019,0.11594118593696151
192,Cuba,2020,0.11621534833226099
192,Cuba,2021,0.116624859324776
192,Cuba,2022,0.11714786549349049
196,Cyprus,2000,0.0678989159753961
196,Cyprus,2001,0.0689468360347858
196,Cyprus,2002,0.06991135906520955
196,Cyprus,2003,0.0707497709550008
196,Cyprus,2004,0.07147696180724385
196,Cyprus,2005,0.0720897231469831
196,Cyprus,2006,0.07256151283493376
196,Cyprus,2007,0.07288995567731135
196,Cyprus,2008,0.07308317911237236
196,Cyprus,2009,0.07314591816517696
196,Cyprus,2010,0.07308736459702625
196,Cyprus,2011,0.0729332596056773
196,Cyprus,2012,0.0727177725638667
196,Cyprus,2013,0.0724825599928731
196,Cyprus,2014,0.0722745754179582
196,Cyprus,2015,0.07210500759309045
196,Cyprus,2016,0.07197576940814625
196,Cyprus,2017,0.07189156184044315
196,Cyprus,2018,0.07190047462276834
196,Cyprus,2019,0.0720251124044531
196,Cyprus,2020,0.07226925667195475
196,Cyprus,2021,0.07264022069623474
196,Cyprus,2022,0.0731224174620288
203,Czechia,2000,0.056113235378929996
203,Czechia,2001,0.05657626550161305
203,Czechia,2002,0.05714465052033815
203,Czechia,2003,0.05781272241965235
203,Czechia,2004,0.05857809071668785
203,Czechia,2005,0.05942259769524286
203,Czechia,2006,0.060336797774660555
203,Czechia,2007,0.0613000703242031
203,Czechia,2008,0.062284810688759955
203,Czechia,2009,0.0632748328024268
203,Czechia,2010,0.06424897922462
203,Czechia,2011,0.06519492667601684
203,Czechia,2012,0.0661034616448214
203,Czechia,2013,0.06699164557226125
203,Czechia,2014,0.06787997562518436
203,Czechia,2015,0.06878859067174975
203,Czechia,2016,0.06974388139833404
203,Czechia,2017,0.0707603706933474
203,Czechia,2018,0.07188249758957979
203,Czechia,2019,0.07313159107269876
203,Czechia,2020,0.07448997389728479
203,Czechia,2021,0.07596450226606145
203,Czechia,2022,0.07753797108277645
208,Denmark,2000,0.030108947135227798
208,Denmark,2001,0.0300789533011235
208,Denmark,2002,0.03003150676016575
208,Denmark,2003,0.029952411053991948
208,Denmark,2004,0.0298454133663701
208,Denmark,2005,0.02970127465605555
208,Denmark,2006,0.0295042870818912
208,Denmark,2007,0.0292448922238839
208,Denmark,2008,0.0289409720552542
208,Denmark,2009,0.02857368567183555
208,Denmark,2010,0.028130678184971954
208,Denmark,2011,0.027630878565577402
208,Denmark,2012,0.027104610414895203
208,Denmark,2013,0.026586245868732948
208,Denmark,2014,0.02607854514965845
208,Denmark,2015,0.0255891864022872
208,Denmark,2016,0.02513000115433595
208,Denmark,2017,0.024694612680495602
208,Denmark,2018,0.0243102098807204
208,Denmark,2019,0.02398253450757975
208,Denmark,2020,0.0237152750191612
208,Denmark,2021,0.023493479821508
208,Denmark,2022,0.023312817794922253
218,Ecuador,2000,0.06492378039838405
218,Ecuador,2001,0.066360238585806
218,Ecuador,2002,0.06790585098293525
218,Ecuador,2003,0.06956347265056964
218,Ecuador,2004,0.0713556393956975
218,Ecuador,2005,0.0732867658604473
218,Ecuador,2006,0.07536847580348821
218,Ecuador,2007,0.07759616969107541
218,Ecuador,2008,0.07999722860249715
218,Ecuador,2009,0.08255096067693934
218,Ecuador,2010,0.08522520032505371
218,Ecuador,2011,0.08799240570867975
218,Ecuador,2012,0.09085374229836735
218,Ecuador,2013,0.09380889927051225
218,Ecuador,2014,0.0968658886802784
218,Ecuador,2015,0.1000386385707335
218,Ecuador,2016,0.10334847452618655
218,Ecuador,2017,0.1067548112697005
218,Ecuador,2018,0.1103197909857295
218,Ecuador,2019,0.1140497958784915
218,Ecuador,2020,0.117942765763967
218,Ecuador,2021,0.122039283531633
218,Ecuador,2022,0.1263461877907835
233,Estonia,2000,0.04630535760374295
233,Estonia,2001,0.04722918529232675
233,Estonia,2002,0.0482198683769754
233,Estonia,2003,0.04927659791896455
233,Estonia,2004,0.05041270403612705
233,Estonia,2005,0.05163674258727275
233,Estonia,2006,0.05292994517686565
233,Estonia,2007,0.0542821507979005
233,Estonia,2008,0.05569085882694455
233,Estonia,2009,0.05716333031077295
233,Estonia,2010,0.058703690632295344
233,Estonia,2011,0.06030713470769515
233,Estonia,2012,0.06199358357572315
233,Estonia,2013,0.0637777710311571
233,Estonia,2014,0.06566142691429755
233,Estonia,2015,0.0676931581493
233,Estonia,2016,0.0698845198700844
233,Estonia,2017,0.0722522330493211
233,Estonia,2018,0.07481972960578209
233,Estonia,2019,0.07760816519574645
233,Estonia,2020,0.08059521896404985
233,Estonia,2021,0.08377368226210995
233,Estonia,2022,0.0871701689649817
246,Finland,2000,0.0444744952375989
246,Finland,2001,0.04520776875241405
246,Finland,2002,0.046089048191786205
246,Finland,2003,0.04709212157713715
246,Finland,2004,0.0481878037929699
246,Finland,2005,0.049340052083147304
246,Finland,2006,0.0504943799856181
246,Finland,2007,0.051643038779967204
246,Finland,2008,0.05279181953328205
246,Finland,2009,0.053886657354259654
246,Finland,2010,0.05491829114927745
246,Finland,2011,0.0559247025533819
246,Finland,2012,0.0569638598329733
246,Finland,2013,0.05812110018363965
246,Finland,2014,0.059406082235989345
246,Finland,2015,0.0608203904544107
246,Finland,2016,0.0623497734974299
246,Finland,2017,0.0639746389435692
246,Finland,2018,0.06572317794589855
246,Finland,2019,0.06758717189737755
246,Finland,2020,0.0695555064411293
246,Finland,2021,0.071634877233066
246,Finland,2022,0.07382877203173716
250,France (metropolitan),2000,0.04963020797543985
250,France (metropolitan),2001,0.049900720125862746
250,France (metropolitan),2002,0.05004826508200765
250,France (metropolitan),2003,0.05003545518609555
250,France (metropolitan),2004,0.0498906521053156
250,France (metropolitan),2005,0.0496069631546698
250,France (metropolitan),2006,0.04914104979573555
250,France (metropolitan),2007,0.04848860832852005
250,France (metropolitan),2008,0.0476309322609805
250,France (metropolitan),2009,0.046584572596976695
250,France (metropolitan),2010,0.0453403472263203
250,France (metropolitan),2011,0.0439511214834336
250,France (metropolitan),2012,0.04243690177869155
250,France (metropolitan),2013,0.04085220398980735
250,France (metropolitan),2014,0.0392537763009742
250,France (metropolitan),2015,0.03763841530074945
250,France (metropolitan),2016,0.03600364208189815
250,France (metropolitan),2017,0.03440084564243205
250,France (metropolitan),2018,0.03286102244501825
250,France (metropolitan),2019,0.031414122838675604
250,France (metropolitan),2020,0.03005942613304055
250,France (metropolitan),2021,0.028790045883876698
250,France (metropolitan),2022,0.0276085677283538
268,Georgia,2000,0.09451031098269924
268,Georgia,2001,0.09598217373343895
268,Georgia,2002,0.0972456295383423
268,Georgia,2003,0.0982615942514135
268,Georgia,2004,0.09905398472821225
268,Georgia,2005,0.09960091307704705
268,Georgia,2006,0.0998966972782522
268,Georgia,2007,0.09997460337724655
268,Georgia,2008,0.0998142169015864
268,Georgia,2009,0.0994268280859726
268,Georgia,2010,0.09878314554593175
268,Georgia,2011,0.09789594604230101
268,Georgia,2012,0.09686382352459136
268,Georgia,2013,0.0958019410382729
268,Georgia,2014,0.0948234442964656
268,Georgia,2015,0.09400774177262325
268,Georgia,2016,0.09342106709192655
268,Georgia,2017,0.09294802010829326
268,Georgia,2018,0.09255243435221736
268,Georgia,2019,0.0923379482417668
268,Georgia,2020,0.092257609199378
268,Georgia,2021,0.09233409189699049
268,Georgia,2022,0.09257856633134351
276,Germany,2000,0.0650943573193784
276,Germany,2001,0.06585810887501085
276,Germany,2002,0.0665782975587397
276,Germany,2003,0.0672401942720583
276,Germany,2004,0.06783992330719475
276,Germany,2005,0.0683589117302332
276,Germany,2006,0.0687458335853299
276,Germany,2007,0.06898493855637144
276,Germany,2008,0.0690874700106606
276,Germany,2009,0.0690079918216851
276,Germany,2010,0.06872914935566694
276,Germany,2011,0.06831339076171485
276,Germany,2012,0.06782034508982425
276,Germany,2013,0.067344593313355
276,Germany,2014,0.0669229210350646
276,Germany,2015,0.0665842061170583
276,Germany,2016,0.06631037587519495
276,Germany,2017,0.0660935126481557
276,Germany,2018,0.0659651695770139
276,Germany,2019,0.0659137674776424
276,Germany,2020,0.06594984751320145
276,Germany,2021,0.06607960531899536
276,Germany,2022,0.06630603225242275
300,Greece,2000,0.06527957175642195
300,Greece,2001,0.06642862010438111
300,Greece,2002,0.0675427236017912
300,Greece,2003,0.06858851284800906
300,Greece,2004,0.0695686802505186
300,Greece,2005,0.07046111084433515
300,Greece,2006,0.0712013090234787
300,Greece,2007,0.07177176026031865
300,Greece,2008,0.07217701767697696
300,Greece,2009,0.07241345823492726
300,Greece,2010,0.07249281651748074
300,Greece,2011,0.0724656160891754
300,Greece,2012,0.0723560498285099
300,Greece,2013,0.07222160468448424
300,Greece,2014,0.072117234372905
300,Greece,2015,0.07205275961693419
300,Greece,2016,0.07201151559490415
300,Greece,2017,0.07200867364167515
300,Greece,2018,0.07207951003737045
300,Greece,2019,0.07223500966159
300,Greece,2020,0.0724721579159015
300,Greece,2021,0.07279829379846266
300,Greece,2022,0.07321091946372345
320,Guatemala,2000,0.116519432271167
320,Guatemala,2001,0.1208438456331015
320,Guatemala,2002,0.125437891879851
320,Guatemala,2003,0.130348376499478
320,Guatemala,2004,0.135551938145554
320,Guatemala,2005,0.14103159637343649
320,Guatemala,2006,0.146734054888533
320,Guatemala,2007,0.1526210165226125
320,Guatemala,2008,0.158551814241033
320,Guatemala,2009,0.164389295161897
320,Guatemala,2010,0.16996281267597652
320,Guatemala,2011,0.175154183519691
320,Guatemala,2012,0.17971009737278648
320,Guatemala,2013,0.183539281441702
320,Guatemala,2014,0.186554773684467
320,Guatemala,2015,0.1887469044783105
320,Guatemala,2016,0.190189602084671
320,Guatemala,2017,0.191034113277043
320,Guatemala,2018,0.19152150839022652
320,Guatemala,2019,0.1918943751607075
320,Guatemala,2020,0.1923878083636965
320,Guatemala,2021,0.1930465267314755
320,Guatemala,2022,0.19387062719666798
328,Guyana,2000,0.1254604507551855
328,Guyana,2001,0.1294804982692775
328,Guyana,2002,0.1336023355588885
328,Guyana,2003,0.137838119467816
328,Guyana,2004,0.142193346244856
328,Guyana,2005,0.1466840586273335
328,Guyana,2006,0.1513231551863905
328,Guyana,2007,0.156059564900137
328,Guyana,2008,0.16081817867756898
328,Guyana,2009,0.1656252470407525
328,Guyana,2010,0.17038968527826098
328,Guyana,2011,0.1750567340308985
328,Guyana,2012,0.179526366202581
328,Guyana,2013,0.18378281903052301
328,Guyana,2014,0.187864607240656
328,Guyana,2015,0.19179303680814452
328,Guyana,2016,0.1956162017463945
328,Guyana,2017,0.19934438472162652
328,Guyana,2018,0.20303411938271898
328,Guyana,2019,0.2067953165094955
328,Guyana,2020,0.2107014165490395
328,Guyana,2021,0.2147768550516445
328,Guyana,2022,0.2190030199862055
348,Hungary,2000,0.06831021738779465
348,Hungary,2001,0.0694051818155074
348,Hungary,2002,0.0705941540584488
348,Hungary,2003,0.0718727714955374
348,Hungary,2004,0.0732398658539627
348,Hungary,2005,0.07470133838958876
348,Hungary,2006,0.07623749323779411
348,Hungary,2007,0.07785609162545776
348,Hungary,2008,0.07956525967116776
348,Hungary,2009,0.08136346744528469
348,Hungary,2010,0.08321741334913679
348,Hungary,2011,0.0851170249687847
348,Hungary,2012,0.0870740090115174
348,Hungary,2013,0.08910155129208315
348,Hungary,2014,0.09120976935073
348,Hungary,2015,0.09343482766968589
348,Hungary,2016,0.09576931500484764
348,Hungary,2017,0.09817831358896326
348,Hungary,2018,0.10072813279456991
348,Hungary,2019,0.1034646381324887
348,Hungary,2020,0.10638397375017761
348,Hungary,2021,0.10947589866599586
348,Hungary,2022,0.11273535757054891
352,Iceland,2000,0.03970848465989705
352,Iceland,2001,0.0400375371792415
352,Iceland,2002,0.0403941401685964
352,Iceland,2003,0.04078056401362965
352,Iceland,2004,0.04119657843926735
352,Iceland,2005,0.04162540892745355
352,Iceland,2006,0.04205667923463195
352,Iceland,2007,0.04247652612547805
352,Iceland,2008,0.04289295582805385
352,Iceland,2009,0.04328819002113275
352,Iceland,2010,0.04365789429054925
352,Iceland,2011,0.0440232898856663
352,Iceland,2012,0.0444179529563251
352,Iceland,2013,0.0448936603983194
352,Iceland,2014,0.0454505610835159
352,Iceland,2015,0.046113367808077205
352,Iceland,2016,0.04687235504904495
352,Iceland,2017,0.0477034937644331
352,Iceland,2018,0.04866332210739355
352,Iceland,2019,0.04975105762652375
352,Iceland,2020,0.0509722333354238
352,Iceland,2021,0.0523173272848266
352,Iceland,2022,0.0537945310317604
356,India,2000,0.1367836987719005
356,India,2001,0.1399089251973985
356,India,2002,0.14319270548281698
356,India,2003,0.146561794071507
356,India,2004,0.149934342023742
356,India,2005,0.153230692620957
356,India,2006,0.1563687784071795
356,India,2007,0.159328045029124
356,India,2008,0.16215639885357552
356,India,2009,0.16464819656347401
356,India,2010,0.166969777614505
356,India,2011,0.1692525778653855
356,India,2012,0.171651875894856
356,India,2013,0.174422647746303
356,India,2014,0.1776843071313025
356,India,2015,0.181849258737725
356,India,2016,0.186808455125084
356,India,2017,0.1923292098431305
356,India,2018,0.1983629020513955
356,India,2019,0.2047560933709155
356,India,2020,0.211469614971625
356,India,2021,0.2184710147111735
356,India,2022,0.22567764094578852
372,Ireland,2000,0.04386571891032985
372,Ireland,2001,0.04415038478218655
372,Ireland,2002,0.0445436999238704
372,Ireland,2003,0.04505772785254755
372,Ireland,2004,0.045700712582476655
372,Ireland,2005,0.0464957858027637
372,Ireland,2006,0.04743316819213145
372,Ireland,2007,0.0485244775324988
372,Ireland,2008,0.0497512375569127
372,Ireland,2009,0.0510300927381316
372,Ireland,2010,0.05231670317109115
372,Ireland,2011,0.053611123918061
372,Ireland,2012,0.0549611348710095
372,Ireland,2013,0.05643728497146505
372,Ireland,2014,0.058089775016109346
372,Ireland,2015,0.05995004654465245
372,Ireland,2016,0.0619979519111618
372,Ireland,2017,0.06421302443067435
372,Ireland,2018,0.0666347600773175
372,Ireland,2019,0.0692589156271611
372,Ireland,2020,0.07206618423498275
372,Ireland,2021,0.07509771495448525
372,Ireland,2022,0.07833726272346885
376,Israel,2000,0.08926720749913686
376,Israel,2001,0.09088414899956845
376,Israel,2002,0.09230909065967235
376,Israel,2003,0.0934592211433416
376,Israel,2004,0.09434190205540305
376,Israel,2005,0.09489741457889235
376,Israel,2006,0.0950697668023053
376,Israel,2007,0.0949180502712216
376,Israel,2008,0.09444262486661945
376,Israel,2009,0.09367230871944635
376,Israel,2010,0.09264975075145745
376,Israel,2011,0.09145576646244485
376,Israel,2012,0.09016211674001426
376,Israel,2013,0.0888378694103528
376,Israel,2014,0.0875488287383079
376,Israel,2015,0.08631920039015059
376,Israel,2016,0.08513153173612235
376,Israel,2017,0.08400573168856165
376,Israel,2018,0.08297188946364051
376,Israel,2019,0.082061062842195
376,Israel,2020,0.08125665968728604
376,Israel,2021,0.08058017782022125
376,Israel,2022,0.0800080194146697
380,Italy,2000,0.05147876618071755
380,Italy,2001,0.05221602278843855
380,Italy,2002,0.05298980219099405
380,Italy,2003,0.0537757728676638
380,Italy,2004,0.0546026320360225
380,Italy,2005,0.055469614616286245
380,Italy,2006,0.05634888900688825
380,Italy,2007,0.05722073704802015
380,Italy,2008,0.05805542901201645
380,Italy,2009,0.058863912365367255
380,Italy,2010,0.05961925067287015
380,Italy,2011,0.060371936490724795
380,Italy,2012,0.06113321928010215
380,Italy,2013,0.06194490545011145
380,Italy,2014,0.06284241855081005
380,Italy,2015,0.0638202928558753
380,Italy,2016,0.0648748256098771
380,Italy,2017,0.065991695542954
380,Italy,2018,0.06717102240177406
380,Italy,2019,0.0684293542850645
380,Italy,2020,0.0697497902493152
380,Italy,2021,0.0711636451090442
380,Italy,2022,0.0726563713995332
392,Japan,2000,0.06352087802149685
392,Japan,2001,0.0622566194293461
392,Japan,2002,0.061082451315195
392,Japan,2003,0.059981731861265
392,Japan,2004,0.05895193181255035
392,Japan,2005,0.058037296334559
392,Japan,2006,0.0573251549702228
392,Japan,2007,0.05676713015609035
392,Japan,2008,0.056373686805584605
392,Japan,2009,0.0561278000335785
392,Japan,2010,0.05598761054059395
392,Japan,2011,0.05596997785456685
392,Japan,2012,0.05611509418793274
392,Japan,2013,0.056431484503175346
392,Japan,2014,0.056896166221615696
392,Japan,2015,0.05750646290870985
392,Japan,2016,0.05823848721396779
392,Japan,2017,0.05904614842832005
392,Japan,2018,0.0599171898860377
392,Japan,2019,0.0608575640217882
392,Japan,2020,0.061890045090530046
392,Japan,2021,0.06299322349343354
392,Japan,2022,0.064165650268552
414,Kuwait,2000,0.2060808624264795
414,Kuwait,2001,0.21045583992094902
414,Kuwait,2002,0.2145936786633285
414,Kuwait,2003,0.21847998634826699
414,Kuwait,2004,0.2222065021369075
414,Kuwait,2005,0.22581432952333802
414,Kuwait,2006,0.229351082094738
414,Kuwait,2007,0.23279783887768152
414,Kuwait,2008,0.2362009968544955
414,Kuwait,2009,0.239595912053382
414,Kuwait,2010,0.24278845040209002
414,Kuwait,2011,0.2456653139334275
414,Kuwait,2012,0.24825780746884699
414,Kuwait,2013,0.2506870391022355
414,Kuwait,2014,0.2530833727812245
414,Kuwait,2015,0.255411992501413
414,Kuwait,2016,0.2577344364399315
414,Kuwait,2017,0.259082445967392
414,Kuwait,2018,0.2595114969509565
414,Kuwait,2019,0.259735905256793
414,Kuwait,2020,0.26006382614094303
414,Kuwait,2021,0.26045267683623496
414,Kuwait,2022,0.26094361132328653
417,Kyrgyzstan,2000,0.08173958822783225
417,Kyrgyzstan,2001,0.08302052894612799
417,Kyrgyzstan,2002,0.08424278911616286
417,Kyrgyzstan,2003,0.08538076953790315
417,Kyrgyzstan,2004,0.08646520559652116
417,Kyrgyzstan,2005,0.08749960025404145
417,Kyrgyzstan,2006,0.08849460877944296
417,Kyrgyzstan,2007,0.0894649441891967
417,Kyrgyzstan,2008,0.09043918122186805
417,Kyrgyzstan,2009,0.09143743525782719
417,Kyrgyzstan,2010,0.09245438615212095
417,Kyrgyzstan,2011,0.09349330148309379
417,Kyrgyzstan,2012,0.09462458230789385
417,Kyrgyzstan,2013,0.09593167425175719
417,Kyrgyzstan,2014,0.09749891402139385
417,Kyrgyzstan,2015,0.0993700893110364
417,Kyrgyzstan,2016,0.10156171894627965
417,Kyrgyzstan,2017,0.10390468743613429
417,Kyrgyzstan,2018,0.1063800726803941
417,Kyrgyzstan,2019,0.1091142055218835
417,Kyrgyzstan,2020,0.112048182403175
417,Kyrgyzstan,2021,0.115192580206985
417,Kyrgyzstan,2022,0.1185520327281415
428,Latvia,2000,0.05395769777221935
428,Latvia,2001,0.0548956038918066
428,Latvia,2002,0.055886450729359646
428,Latvia,2003,0.05691426322308645
428,Latvia,2004,0.057993369528683406
428,Latvia,2005,0.0591354513839189
428,Latvia,2006,0.0603373395017404
428,Latvia,2007,0.0615867705359853
428,Latvia,2008,0.0628878895033114
428,Latvia,2009,0.0642444991643398
428,Latvia,2010,0.06566608896220805
428,Latvia,2011,0.067153383289423
428,Latvia,2012,0.06870041406207336
428,Latvia,2013,0.07034378675607444
428,Latvia,2014,0.07210325818050345
428,Latvia,2015,0.07401129308500495
428,Latvia,2016,0.0761064386848502
428,Latvia,2017,0.0783834093564605
428,Latvia,2018,0.0808323825841345
428,Latvia,2019,0.083497709810391
428,Latvia,2020,0.0863778740711105
428,Latvia,2021,0.08945795807643295
428,Latvia,2022,0.0927582947372013
440,Lithuania,2000,0.06913194615172236
440,Lithuania,2001,0.0706026210274964
440,Lithuania,2002,0.0721136857763138
440,Lithuania,2003,0.07366937522371314
440,Lithuania,2004,0.0752705766199073
440,Lithuania,2005,0.07691473427343805
440,Lithuania,2006,0.078573357463752
440,Lithuania,2007,0.08023449529078716
440,Lithuania,2008,0.081864374648143
440,Lithuania,2009,0.08349414777710575
440,Lithuania,2010,0.08511533764840525
440,Lithuania,2011,0.0867366989087563
440,Lithuania,2012,0.088368205162037
440,Lithuania,2013,0.09004683185533521
440,Lithuania,2014,0.09179168983110805
440,Lithuania,2015,0.0936364698616119
440,Lithuania,2016,0.09564346579594545
440,Lithuania,2017,0.09780625326317591
440,Lithuania,2018,0.10012621966207219
440,Lithuania,2019,0.1026559607344895
440,Lithuania,2020,0.1053788252029305
440,Lithuania,2021,0.1083051662967115
440,Lithuania,2022,0.11143062762564701
442,Luxembourg,2000,0.051098036050096246
442,Luxembourg,2001,0.05165233091706315
442,Luxembourg,2002,0.05222216662020865
442,Luxembourg,2003,0.05277950384853415
442,Luxembourg,2004,0.0533324849921701
442,Luxembourg,2005,0.0538713250053501
442,Luxembourg,2006,0.054376555862428844
442,Luxembourg,2007,0.05481861868516635
442,Luxembourg,2008,0.0552050614786286
442,Luxembourg,2009,0.0555166260470403
442,Luxembourg,2010,0.05572111690919815
442,Luxembourg,2011,0.0558469807509681
442,Luxembourg,2012,0.05593023103244445
442,Luxembourg,2013,0.056008677629257306
442,Luxembourg,2014,0.0561084048439484
442,Luxembourg,2015,0.056246003807404604
442,Luxembourg,2016,0.056421119793508445
442,Luxembourg,2017,0.0566473815085037
442,Luxembourg,2018,0.05696620967496775
442,Luxembourg,2019,0.05738565891837295
442,Luxembourg,2020,0.057904944224061644
442,Luxembourg,2021,0.05852398299773315
442,Luxembourg,2022,0.059238026371041544
470,Malta,2000,0.0816098541676137
470,Malta,2001,0.0830991753550071
470,Malta,2002,0.0845341920591115
470,Malta,2003,0.0858633315299843
470,Malta,2004,0.0871134670945401
470,Malta,2005,0.08825806913565129
470,Malta,2006,0.0892731889425523
470,Malta,2007,0.09013354394748704
470,Malta,2008,0.09082983278663245
470,Malta,2009,0.09138014285583985
470,Malta,2010,0.09178557127987114
470,Malta,2011,0.09207334687028079
470,Malta,2012,0.0922862562630042
470,Malta,2013,0.09250320486467285
470,Malta,2014,0.09271909083457935
470,Malta,2015,0.09295177037453604
470,Malta,2016,0.09318381359987621
470,Malta,2017,0.0934301236147019
470,Malta,2018,0.09374491369284979
470,Malta,2019,0.0941632714139267
470,Malta,2020,0.09468374766440005
470,Malta,2021,0.09533009677460486
470,Malta,2022,0.09609472424823776
480,Mauritius,2000,0.17804619529173
480,Mauritius,2001,0.18207033007715
480,Mauritius,2002,0.186156841399676
480,Mauritius,2003,0.1903070188172755
480,Mauritius,2004,0.19449272297244302
480,Mauritius,2005,0.198678240836056
480,Mauritius,2006,0.20282425081147998
480,Mauritius,2007,0.206929173505886
480,Mauritius,2008,0.210962797054938
480,Mauritius,2009,0.21485310058378998
480,Mauritius,2010,0.218583221206536
480,Mauritius,2011,0.222065500402187
480,Mauritius,2012,0.225316235385973
480,Mauritius,2013,0.228370956671476
480,Mauritius,2014,0.231143360781234
480,Mauritius,2015,0.2336107429764555
480,Mauritius,2016,0.2357312642520555
480,Mauritius,2017,0.237509982769823
480,Mauritius,2018,0.23904282673785998
480,Mauritius,2019,0.24052967986568952
480,Mauritius,2020,0.2419982051451015
480,Mauritius,2021,0.243493974810826
480,Mauritius,2022,0.2450445551592885
484,Mexico,2000,0.1486159169713305
484,Mexico,2001,0.1532926748984855
484,Mexico,2002,0.15797489010968002
484,Mexico,2003,0.16263872369308552
484,Mexico,2004,0.167263247950041
484,Mexico,2005,0.17182503155576
484,Mexico,2006,0.17625252000160152
484,Mexico,2007,0.1804239436490605
484,Mexico,2008,0.1841134053784965
484,Mexico,2009,0.18710585516140998
484,Mexico,2010,0.1891229830280925
484,Mexico,2011,0.1899223005439865
484,Mexico,2012,0.189189266912846
484,Mexico,2013,0.186991164587676
484,Mexico,2014,0.1835499966656605
484,Mexico,2015,0.17913183149373502
484,Mexico,2016,0.17404037322577098
484,Mexico,2017,0.1685969443555565
484,Mexico,2018,0.1629916289051615
484,Mexico,2019,0.1574109854874005
484,Mexico,2020,0.1519959102316215
484,Mexico,2021,0.1467976461338525
484,Mexico,2022,0.1418142181052775
498,Moldova,2000,0.05626822033750645
498,Moldova,2001,0.0572818286328001
498,Moldova,2002,0.05834824824421675
498,Moldova,2003,0.059452863674707396
498,Moldova,2004,0.0606225111563774
498,Moldova,2005,0.061846635081770296
498,Moldova,2006,0.06310969420174364
498,Moldova,2007,0.064415019497052
498,Moldova,2008,0.0657271220161476
498,Moldova,2009,0.0670657893073915
498,Moldova,2010,0.06842453127041334
498,Moldova,2011,0.06981766855913679
498,Moldova,2012,0.07124850121950435
498,Moldova,2013,0.0727479280934159
498,Moldova,2014,0.07433143043868845
498,Moldova,2015,0.07600374901500255
498,Moldova,2016,0.07780139558369364
498,Moldova,2017,0.07971840491719445
498,Moldova,2018,0.08175390744552036
498,Moldova,2019,0.0839334364627321
498,Moldova,2020,0.08627173748704335
498,Moldova,2021,0.08873742564400985
498,Moldova,2022,0.091351660244658
528,The Netherlands,2000,0.04875834653492255
528,The Netherlands,2001,0.04894640681537245
528,The Netherlands,2002,0.04926130167364445
528,The Netherlands,2003,0.0496735982665406
528,The Netherlands,2004,0.0501589799010845
528,The Netherlands,2005,0.050699009225785
528,The Netherlands,2006,0.0512667925404705
528,The Netherlands,2007,0.0518270910266548
528,The Netherlands,2008,0.0523736890625449
528,The Netherlands,2009,0.052860273680042896
528,The Netherlands,2010,0.053280445212389546
528,The Netherlands,2011,0.05367370890899645
528,The Netherlands,2012,0.05408460708418285
528,The Netherlands,2013,0.05455814322335395
528,The Netherlands,2014,0.05512753758958465
528,The Netherlands,2015,0.05580459449522525
528,The Netherlands,2016,0.056585856413786856
528,The Netherlands,2017,0.057446386716874
528,The Netherlands,2018,0.0584425601397842
528,The Netherlands,2019,0.05955764684662645
528,The Netherlands,2020,0.06079954590537259
528,The Netherlands,2021,0.0621711665221349
528,The Netherlands,2022,0.06366779508148951
554,New Zealand,2000,0.060341112426342
554,New Zealand,2001,0.0609311667479278
554,New Zealand,2002,0.06161078628995155
554,New Zealand,2003,0.062374568751577
554,New Zealand,2004,0.0632466865831771
554,New Zealand,2005,0.0642235053301948
554,New Zealand,2006,0.06528765239568995
554,New Zealand,2007,0.06641574396509514
554,New Zealand,2008,0.0676041368260564
554,New Zealand,2009,0.0687780331588216
554,New Zealand,2010,0.06986877264364541
554,New Zealand,2011,0.07087306242823796
554,New Zealand,2012,0.0718833950192382
554,New Zealand,2013,0.07297758980207955
554,New Zealand,2014,0.0742071654995705
554,New Zealand,2015,0.0756244492723841
554,New Zealand,2016,0.0772246837194102
554,New Zealand,2017,0.0789625119808338
554,New Zealand,2018,0.0808775231623121
554,New Zealand,2019,0.0829739809078346
554,New Zealand,2020,0.0852383241577868
554,New Zealand,2021,0.08766731170660574
554,New Zealand,2022,0.0902801245267171
558,Nicaragua,2000,0.08840803449194329
558,Nicaragua,2001,0.0910660378946681
558,Nicaragua,2002,0.09383434370778675
558,Nicaragua,2003,0.09674051810806245
558,Nicaragua,2004,0.09980777253258075
558,Nicaragua,2005,0.1030193917298802
558,Nicaragua,2006,0.10635626666484545
558,Nicaragua,2007,0.109795224780524
558,Nicaragua,2008,0.113278434255458
558,Nicaragua,2009,0.1167297451798245
558,Nicaragua,2010,0.1200743255455275
558,Nicaragua,2011,0.12324970362389001
558,Nicaragua,2012,0.126098148891631
558,Nicaragua,2013,0.12858531729657352
558,Nicaragua,2014,0.1306915843522615
558,Nicaragua,2015,0.13246643808306
558,Nicaragua,2016,0.133967570574122
558,Nicaragua,2017,0.1352825183795825
558,Nicaragua,2018,0.1365195787471155
558,Nicaragua,2019,0.13779320634369951
558,Nicaragua,2020,0.1392126429091025
558,Nicaragua,2021,0.140790051457653
558,Nicaragua,2022,0.14256368321707252
578,Norway,2000,0.04835843611342125
578,Norway,2001,0.048852824960689004
578,Norway,2002,0.0493622594523511
578,Norway,2003,0.04988207201389745
578,Norway,2004,0.0503889628825882
578,Norway,2005,0.05086860719407715
578,Norway,2006,0.0512898928797171
578,Norway,2007,0.05165522750854035
578,Norway,2008,0.051958127039821944
578,Norway,2009,0.05216432172949005
578,Norway,2010,0.0522557777561829
578,Norway,2011,0.052287424674531055
578,Norway,2012,0.05229284293300995
578,Norway,2013,0.052328325257583005
578,Norway,2014,0.0524162741564488
578,Norway,2015,0.0525768164912275
578,Norway,2016,0.052809955123905655
578,Norway,2017,0.0530962018019841
578,Norway,2018,0.05349043544202085
578,Norway,2019,0.05399864730615535
578,Norway,2020,0.0546074182949089
578,Norway,2021,0.055332741489415346
578,Norway,2022,0.056182415117878054
591,Panama,2000,0.0659970582877977
591,Panama,2001,0.06749309687702534
591,Panama,2002,0.0690115254328192
591,Panama,2003,0.07056793543875439
591,Panama,2004,0.07218246389900015
591,Panama,2005,0.07385202726107065
591,Panama,2006,0.0755742535811641
591,Panama,2007,0.07731844150747266
591,Panama,2008,0.07904364473209415
591,Panama,2009,0.08071693309185315
591,Panama,2010,0.082264404540678
591,Panama,2011,0.08365937192841974
591,Panama,2012,0.08481137696198751
591,Panama,2013,0.08567445401395925
591,Panama,2014,0.08624387930149086
591,Panama,2015,0.0865137513624232
591,Panama,2016,0.0865495693294889
591,Panama,2017,0.0864130334647666
591,Panama,2018,0.08619551883184301
591,Panama,2019,0.0859924919421945
591,Panama,2020,0.08589354765926896
591,Panama,2021,0.0859042135561639
591,Panama,2022,0.0860493886620889
600,Paraguay,2000,0.0855624292199644
600,Paraguay,2001,0.0874362488203605
600,Paraguay,2002,0.0893052830128485
600,Paraguay,2003,0.09119519156966674
600,Paraguay,2004,0.0931213709561851
600,Paraguay,2005,0.0951387512864028
600,Paraguay,2006,0.09726075877778309
600,Paraguay,2007,0.09947383956861205
600,Paraguay,2008,0.10179997756859549
600,Paraguay,2009,0.1042379198261565
600,Paraguay,2010,0.10677351386030101
600,Paraguay,2011,0.109381123026579
600,Paraguay,2012,0.1120531401647675
600,Paraguay,2013,0.114769206954228
600,Paraguay,2014,0.117504331618106
600,Paraguay,2015,0.1203100882490155
600,Paraguay,2016,0.123181079532223
600,Paraguay,2017,0.1261009877411755
600,Paraguay,2018,0.1290906728880335
600,Paraguay,2019,0.1322383606979255
600,Paraguay,2020,0.1356010786425805
600,Paraguay,2021,0.1391729549307465
600,Paraguay,2022,0.14295678652008048
608,Philippines,2000,0.054285005294736746
608,Philippines,2001,0.05458466691487905
608,Philippines,2002,0.055063169140926405
608,Philippines,2003,0.05576670801581865
608,Philippines,2004,0.0567502725596171
608,Philippines,2005,0.0579866696671187
608,Philippines,2006,0.05948716300989555
608,Philippines,2007,0.061250203705611794
608,Philippines,2008,0.06328980668280765
608,Philippines,2009,0.06559839746299251
608,Philippines,2010,0.06820106184993516
608,Philippines,2011,0.0711085291290815
608,Philippines,2012,0.0743275820830909
608,Philippines,2013,0.07795736323781215
608,Philippines,2014,0.0820649597011666
608,Philippines,2015,0.0867041049680762
608,Philippines,2016,0.09186344807001434
608,Philippines,2017,0.0974581674092446
608,Philippines,2018,0.10349437002681584
608,Philippines,2019,0.109947542003378
608,Philippines,2020,0.11678819203733351
608,Philippines,2021,0.1240045161184285
608,Philippines,2022,0.13159067015377401
616,Poland,2000,0.05205255067821555
616,Poland,2001,0.0526539310447717
616,Poland,2002,0.05344301218800745
616,Poland,2003,0.054427591369445555
616,Poland,2004,0.05561278832778605
616,Poland,2005,0.05700967415530815
616,Poland,2006,0.0585991258910156
616,Poland,2007,0.060396247459839895
616,Poland,2008,0.06238561772666955
616,Poland,2009,0.06456716098367335
616,Poland,2010,0.06688929347714435
616,Poland,2011,0.0693484480343296
616,Poland,2012,0.07196338226935206
616,Poland,2013,0.0747488549672439
616,Poland,2014,0.0777182473647192
616,Poland,2015,0.0808788982265118
616,Poland,2016,0.08421154035316525
616,Poland,2017,0.08767650458411866
616,Poland,2018,0.09132535522179244
616,Poland,2019,0.09521008603918465
616,Poland,2020,0.0993027632342174
616,Poland,2021,0.103607038971181
616,Poland,2022,0.10814083296180145
620,Portugal,2000,0.0548735675612985
620,Portugal,2001,0.055875277211089903
620,Portugal,2002,0.056912388566914954
620,Portugal,2003,0.05795056720731775
620,Portugal,2004,0.05899564660680635
620,Portugal,2005,0.0600258022172383
620,Portugal,2006,0.06100840254355185
620,Portugal,2007,0.061933301295102605
620,Portugal,2008,0.06278792777508915
620,Portugal,2009,0.0635630657051271
620,Portugal,2010,0.06427703451431695
620,Portugal,2011,0.06494805687807126
620,Portugal,2012,0.06560462829279019
620,Portugal,2013,0.06628894160324986
620,Portugal,2014,0.06701081402958264
620,Portugal,2015,0.0677861517479772
620,Portugal,2016,0.0685981692369876
620,Portugal,2017,0.06944493108054635
620,Portugal,2018,0.07036275467770395
620,Portugal,2019,0.07136812194350994
620,Portugal,2020,0.0724593304791759
620,Portugal,2021,0.07367004105120575
620,Portugal,2022,0.07498184841789185
630,Puerto Rico,2000,0.1437918521142285
630,Puerto Rico,2001,0.1483074686337305
630,Puerto Rico,2002,0.152818365649029
630,Puerto Rico,2003,0.1573461011631345
630,Puerto Rico,2004,0.161882336333581
630,Puerto Rico,2005,0.1664304075314635
630,Puerto Rico,2006,0.1709689398560385
630,Puerto Rico,2007,0.17543895804279
630,Puerto Rico,2008,0.1798012152555765
630,Puerto Rico,2009,0.1840655870121235
630,Puerto Rico,2010,0.1880933419238885
630,Puerto Rico,2011,0.191907019576394
630,Puerto Rico,2012,0.195399794579236
630,Puerto Rico,2013,0.198570733268899
630,Puerto Rico,2014,0.2014857519635885
630,Puerto Rico,2015,0.204199869842689
630,Puerto Rico,2016,0.206762691441709
630,Puerto Rico,2017,0.2091540225557915
630,Puerto Rico,2018,0.211490166238461
630,Puerto Rico,2019,0.2138301452836295
630,Puerto Rico,2020,0.2162824244796005
630,Puerto Rico,2021,0.21886762530110349
630,Puerto Rico,2022,0.22158299398638598
634,Qatar,2000,0.18938334810594448
634,Qatar,2001,0.19326812460006249
634,Qatar,2002,0.1970071529530025
634,Qatar,2003,0.200603239722592
634,Qatar,2004,0.2041510560166805
634,Qatar,2005,0.2077276366763275
634,Qatar,2006,0.211373816238355
634,Qatar,2007,0.2151503696388345
634,Qatar,2008,0.219025655621746
634,Qatar,2009,0.2230634033464085
634,Qatar,2010,0.227015531158741
634,Qatar,2011,0.2307415425315095
634,Qatar,2012,0.23424925589211
634,Qatar,2013,0.23763333548111149
634,Qatar,2014,0.24098925041885
634,Qatar,2015,0.2443554451659575
634,Qatar,2016,0.247732756376331
634,Qatar,2017,0.250153875129955
634,Qatar,2018,0.25162946451722
634,Qatar,2019,0.25295636130511046
634,Qatar,2020,0.25440426084274104
634,Qatar,2021,0.2559537717180845
634,Qatar,2022,0.2576262041206745
642,Romania,2000,0.0349022415250917
642,Romania,2001,0.036241586811373946
642,Romania,2002,0.03783843452310415
642,Romania,2003,0.039709032596743854
642,Romania,2004,0.0418592501457153
642,Romania,2005,0.0443012868285747
642,Romania,2006,0.047039147124334046
642,Romania,2007,0.0500749493592444
642,Romania,2008,0.0534118719672742
642,Romania,2009,0.057056595033153246
642,Romania,2010,0.0609873847033375
642,Romania,2011,0.06521291469230125
642,Romania,2012,0.06971633341668335
642,Romania,2013,0.07449451354821984
642,Romania,2014,0.07953704347737525
642,Romania,2015,0.08487325241508506
642,Romania,2016,0.09050786965946644
642,Romania,2017,0.0964218599250531
642,Romania,2018,0.1026987692181688
642,Romania,2019,0.10939059918742385
642,Romania,2020,0.116500402291559
642,Romania,2021,0.1240317388515465
642,Romania,2022,0.131991839303481
688,Serbia,2000,0.059596760405335854
688,Serbia,2001,0.06057500436942535
688,Serbia,2002,0.06166909558232475
688,Serbia,2003,0.06288761426980925
688,Serbia,2004,0.06423499625827395
688,Serbia,2005,0.0657103204928207
688,Serbia,2006,0.0673004133815587
688,Serbia,2007,0.0690139123170005
688,Serbia,2008,0.07083367256980605
688,Serbia,2009,0.07277148310191836
688,Serbia,2010,0.07478620848699825
688,Serbia,2011,0.0768653019514674
688,Serbia,2012,0.0790332185046075
688,Serbia,2013,0.08128913778623745
688,Serbia,2014,0.08365472915980876
688,Serbia,2015,0.086153976569411
688,Serbia,2016,0.08880361189300531
688,Serbia,2017,0.0915761582016291
688,Serbia,2018,0.09451229226632706
688,Serbia,2019,0.0976513762603585
688,Serbia,2020,0.10098267302797301
688,Serbia,2021,0.10452371853817174
688,Serbia,2022,0.1082828919616946
702,Singapore,2000,0.122017477851927
702,Singapore,2001,0.12002168529767501
702,Singapore,2002,0.118057825895623
702,Singapore,2003,0.116204979693497
702,Singapore,2004,0.114469053574293
702,Singapore,2005,0.112964942871871
702,Singapore,2006,0.1117809010240885
702,Singapore,2007,0.11089626712043249
702,Singapore,2008,0.1103284674906045
702,Singapore,2009,0.11003297529419351
702,Singapore,2010,0.109987762614707
702,Singapore,2011,0.1102117166561895
702,Singapore,2012,0.11071803396190799
702,Singapore,2013,0.111596905874181
702,Singapore,2014,0.11285608329319499
702,Singapore,2015,0.1144297907897265
702,Singapore,2016,0.1162551687241985
702,Singapore,2017,0.11826510217960551
702,Singapore,2018,0.1204343503628255
702,Singapore,2019,0.1227893881435375
702,Singapore,2020,0.125341936592579
702,Singapore,2021,0.12807969341126652
702,Singapore,2022,0.1310122673764335
703,Slovakia,2000,0.053393935673763396
703,Slovakia,2001,0.05367120377160055
703,Slovakia,2002,0.05404228960303345
703,Slovakia,2003,0.05454093171131855
703,Slovakia,2004,0.05517427792859825
703,Slovakia,2005,0.0559466321476165
703,Slovakia,2006,0.056853750645576046
703,Slovakia,2007,0.05789095825757375
703,Slovakia,2008,0.059051790514790606
703,Slovakia,2009,0.0603485156489208
703,Slovakia,2010,0.06175587412882705
703,Slovakia,2011,0.06326712752278695
703,Slovakia,2012,0.06489017762071031
703,Slovakia,2013,0.06665064588832864
703,Slovakia,2014,0.0685458643742224
703,Slovakia,2015,0.07058000393690556
703,Slovakia,2016,0.0727463036350814
703,Slovakia,2017,0.07502420740182696
703,Slovakia,2018,0.07746353596286834
703,Slovakia,2019,0.0800887756868972
703,Slovakia,2020,0.0829110043468816
703,Slovakia,2021,0.08589383908175205
703,Slovakia,2022,0.0890577373082535
705,Slovenia,2000,0.05956138600903125
705,Slovenia,2001,0.060535200562347555
705,Slovenia,2002,0.0616315257325985
705,Slovenia,2003,0.06286537300355084
705,Slovenia,2004,0.0642261546555349
705,Slovenia,2005,0.0657130357033818
705,Slovenia,2006,0.06730519632841354
705,Slovenia,2007,0.0690127616646568
705,Slovenia,2008,0.0708369546829413
705,Slovenia,2009,0.07277289168939655
705,Slovenia,2010,0.0747770659320216
705,Slovenia,2011,0.07684731924691185
705,Slovenia,2012,0.07899816152779805
705,Slovenia,2013,0.0812393859070765
705,Slovenia,2014,0.08359293332488921
705,Slovenia,2015,0.0860526220606753
705,Slovenia,2016,0.088640217625699
705,Slovenia,2017,0.09134952092549126
705,Slovenia,2018,0.09422537967442975
705,Slovenia,2019,0.09729980489080495
705,Slovenia,2020,0.1005632451778434
705,Slovenia,2021,0.1040169712184822
705,Slovenia,2022,0.10769287101979795
710,South Africa,2000,0.1354426595797945
710,South Africa,2001,0.137664744204612
710,South Africa,2002,0.139734694926206
710,South Africa,2003,0.141640313458552
710,South Africa,2004,0.14335672307136899
710,South Africa,2005,0.1448541302082085
710,South Africa,2006,0.1461158429144935
710,South Africa,2007,0.147134178642977
710,South Africa,2008,0.14788070736589148
710,South Africa,2009,0.14834073067166398
710,South Africa,2010,0.1484830925876005
710,South Africa,2011,0.14832890325680248
710,South Africa,2012,0.1479055120620985
710,South Africa,2013,0.1473196227265905
710,South Africa,2014,0.146536582580675
710,South Africa,2015,0.1455767772793395
710,South Africa,2016,0.144457004781272
710,South Africa,2017,0.14318306563649552
710,South Africa,2018,0.141785640928373
710,South Africa,2019,0.140398371089526
710,South Africa,2020,0.13910931464500498
710,South Africa,2021,0.137937843104873
710,South Africa,2022,0.1368981186037635
410,South Korea,2000,0.08226886823266215
410,South Korea,2001,0.0823248917236559
410,South Korea,2002,0.082373982037857
410,South Korea,2003,0.08244019995161335
410,South Korea,2004,0.0825333755811213
410,South Korea,2005,0.0827099529018876
410,South Korea,2006,0.08303928625069171
410,South Korea,2007,0.0834991312453156
410,South Korea,2008,0.08409214903116854
410,South Korea,2009,0.0848027017922896
410,South Korea,2010,0.0856026677402665
410,South Korea,2011,0.0864821584505614
410,South Korea,2012,0.08742116749404666
410,South Korea,2013,0.0884871925913321
410,South Korea,2014,0.089658361865734
410,South Korea,2015,0.09093246019465501
410,South Korea,2016,0.0923630859141105
410,South Korea,2017,0.0939083550278818
410,South Korea,2018,0.09554518974375989
410,South Korea,2019,0.09730451834836845
410,South Korea,2020,0.0991999686702935
410,South Korea,2021,0.1012058051593868
410,South Korea,2022,0.10327816578206764
724,Spain,2000,0.07800956282329716
724,Spain,2001,0.07902107825614524
724,Spain,2002,0.07949348367499155
724,Spain,2003,0.07933137171124441
724,Spain,2004,0.07863347433946145
724,Spain,2005,0.07747274385419481
724,Spain,2006,0.0758232502895429
724,Spain,2007,0.0737633632098242
724,Spain,2008,0.0713659426023012
724,Spain,2009,0.06874790503067654
724,Spain,2010,0.06600853724861515
724,Spain,2011,0.0631925590596561
724,Spain,2012,0.06033056445525885
724,Spain,2013,0.0574846391126919
724,Spain,2014,0.05469035610096025
724,Spain,2015,0.05197617214362425
724,Spain,2016,0.04934476931554535
724,Spain,2017,0.046823961953848206
724,Spain,2018,0.04444559506003665
724,Spain,2019,0.042217295249033254
724,Spain,2020,0.04013756621343615
724,Spain,2021,0.03820383249094205
724,Spain,2022,0.0364072468120471
752,Sweden,2000,0.037207346661076196
752,Sweden,2001,0.0377059968377039
752,Sweden,2002,0.0382480404117759
752,Sweden,2003,0.038828611082143
752,Sweden,2004,0.039447723216629746
752,Sweden,2005,0.0400822746556734
752,Sweden,2006,0.0407128911423118
752,Sweden,2007,0.0413199198037528
752,Sweden,2008,0.0419019892589197
752,Sweden,2009,0.04241720497088705
752,Sweden,2010,0.0428482583755063
752,Sweden,2011,0.04322496895525095
752,Sweden,2012,0.04358796553103245
752,Sweden,2013,0.0439850708951584
752,Sweden,2014,0.04443034296603565
752,Sweden,2015,0.0449458762041426
752,Sweden,2016,0.045548415029554395
752,Sweden,2017,0.046218834886669
752,Sweden,2018,0.0469715607581232
752,Sweden,2019,0.04783191088688
752,Sweden,2020,0.0488149881298637
752,Sweden,2021,0.049913515815620146
752,Sweden,2022,0.051135094166972705
756,Switzerland,2000,0.0372284855365452
756,Switzerland,2001,0.0373947582619196
756,Switzerland,2002,0.03756763049827795
756,Switzerland,2003,0.0377440606004006
756,Switzerland,2004,0.03792604289427905
756,Switzerland,2005,0.0380913374088476
756,Switzerland,2006,0.03822413639997995
756,Switzerland,2007,0.0383329651705187
756,Switzerland,2008,0.03842612085576365
756,Switzerland,2009,0.0385060424886981
756,Switzerland,2010,0.03856597431141985
756,Switzerland,2011,0.03863599439427945
756,Switzerland,2012,0.03873885410069925
756,Switzerland,2013,0.0389190256456936
756,Switzerland,2014,0.03916969720971355
756,Switzerland,2015,0.0394893687195843
756,Switzerland,2016,0.03986510500767025
756,Switzerland,2017,0.040284195092980854
756,Switzerland,2018,0.04075252893613065
756,Switzerland,2019,0.0412924392474861
756,Switzerland,2020,0.041887707197036855
756,Switzerland,2021,0.04255712032263375
756,Switzerland,2022,0.043297184524173346
764,Thailand,2000,0.07430602410234749
764,Thailand,2001,0.07557005256593424
764,Thailand,2002,0.07675073985871765
764,Thailand,2003,0.07787952497713366
764,Thailand,2004,0.07902462336082969
764,Thailand,2005,0.0801657342110379
764,Thailand,2006,0.0813572325661146
764,Thailand,2007,0.08262828124085364
764,Thailand,2008,0.0839994328261155
764,Thailand,2009,0.0855040708646341
764,Thailand,2010,0.08716558709503336
764,Thailand,2011,0.08898564197600295
764,Thailand,2012,0.09094397731430175
764,Thailand,2013,0.0931237849927737
764,Thailand,2014,0.095561184306452
764,Thailand,2015,0.09826147799143276
764,Thailand,2016,0.10122317500158375
764,Thailand,2017,0.10436488844179284
764,Thailand,2018,0.107673287620272
764,Thailand,2019,0.111175761524454
764,Thailand,2020,0.11484146126108999
764,Thailand,2021,0.11870889261383899
764,Thailand,2022,0.122756199776096
792,Trkiye,2000,0.0942958845172939
792,Trkiye,2001,0.0966534138834248
792,Trkiye,2002,0.09892608353684684
792,Trkiye,2003,0.10108752663713885
792,Trkiye,2004,0.1032499810609719
792,Trkiye,2005,0.1055443404579135
792,Trkiye,2006,0.10803395742118349
792,Trkiye,2007,0.110796970291642
792,Trkiye,2008,0.113868497278604
792,Trkiye,2009,0.117302278093615
792,Trkiye,2010,0.12087476891683199
792,Trkiye,2011,0.124447859495769
792,Trkiye,2012,0.12808197015364398
792,Trkiye,2013,0.13188280303279848
792,Trkiye,2014,0.13592896016099748
792,Trkiye,2015,0.1402245069885955
792,Trkiye,2016,0.144747105043657
792,Trkiye,2017,0.148705273270106
792,Trkiye,2018,0.1520357882959805
792,Trkiye,2019,0.155275487861749
792,Trkiye,2020,0.15862625109035
792,Trkiye,2021,0.1620835319410015
792,Trkiye,2022,0.1656743285179275
800,Uganda,2000,0.04520640594789955
800,Uganda,2001,0.045458532774644705
800,Uganda,2002,0.0456097809672997
800,Uganda,2003,0.04567787305165655
800,Uganda,2004,0.045646423265923455
800,Uganda,2005,0.04552513864182265
800,Uganda,2006,0.0453063827987981
800,Uganda,2007,0.045042110946912656
800,Uganda,2008,0.044766592741688746
800,Uganda,2009,0.044513503315050246
800,Uganda,2010,0.0443010250899504
800,Uganda,2011,0.044139350397569804
800,Uganda,2012,0.0440629843884391
800,Uganda,2013,0.0441282541696827
800,Uganda,2014,0.04436149100533505
800,Uganda,2015,0.04477287889519725
800,Uganda,2016,0.0453640747867312
800,Uganda,2017,0.046061274506323496
800,Uganda,2018,0.04685873558583985
800,Uganda,2019,0.0477654239483095
800,Uganda,2020,0.04879714499614185
800,Uganda,2021,0.049938132416806
800,Uganda,2022,0.0512043554344868
826,United Kingdom,2000,0.0473940009058724
826,United Kingdom,2001,0.0480346044031468
826,United Kingdom,2002,0.048872585009130054
826,United Kingdom,2003,0.0499219775872603
826,United Kingdom,2004,0.051210061643054
826,United Kingdom,2005,0.05273690529255225
826,United Kingdom,2006,0.054475373362797
826,United Kingdom,2007,0.0563812643069365
826,United Kingdom,2008,0.0583666654753768
826,United Kingdom,2009,0.060309743559935555
826,United Kingdom,2010,0.0621275983721691
826,United Kingdom,2011,0.0638034158365196
826,United Kingdom,2012,0.06538059121124895
826,United Kingdom,2013,0.06694511020081995
826,United Kingdom,2014,0.0685969447426503
826,United Kingdom,2015,0.07043690012169304
826,United Kingdom,2016,0.07245708056043951
826,United Kingdom,2017,0.07461747649077846
826,United Kingdom,2018,0.0769941405440846
826,United Kingdom,2019,0.07954392908521454
826,United Kingdom,2020,0.0822248906486628
826,United Kingdom,2021,0.08504777163585234
826,United Kingdom,2022,0.08800200102506364
840,USA,2000,0.0787658942774256
840,USA,2001,0.07981055680718065
840,USA,2002,0.0810824162378588
840,USA,2003,0.082548694719557
840,USA,2004,0.0842124087893578
840,USA,2005,0.0860634018825802
840,USA,2006,0.0880652672560243
840,USA,2007,0.09017240232632046
840,USA,2008,0.09229710152683951
840,USA,2009,0.0942610365278731
840,USA,2010,0.0959658503614549
840,USA,2011,0.09750874662469945
840,USA,2012,0.09907226149627425
840,USA,2013,0.10080921409020495
840,USA,2014,0.10275387059378566
840,USA,2015,0.1049771130578541
840,USA,2016,0.10739896168758781
840,USA,2017,0.1099707549426502
840,USA,2018,0.112705814896132
840,USA,2019,0.1155962101062195
840,USA,2020,0.11862089997185149
840,USA,2021,0.121779288439738
840,USA,2022,0.1250726162503305
858,Uruguay,2000,0.09293409310206249
858,Uruguay,2001,0.09462047714489745
858,Uruguay,2002,0.09625678894746365
858,Uruguay,2003,0.0978830354238723
858,Uruguay,2004,0.09952159378266484
858,Uruguay,2005,0.10122651740909236
858,Uruguay,2006,0.1029829872191568
858,Uruguay,2007,0.10479810792556145
858,Uruguay,2008,0.10670706614072151
858,Uruguay,2009,0.10874271899726301
858,Uruguay,2010,0.1108591499297885
858,Uruguay,2011,0.1130285657927875
858,Uruguay,2012,0.115239938975217
858,Uruguay,2013,0.11749051807970301
858,Uruguay,2014,0.1197880145955435
858,Uruguay,2015,0.12214451209282651
858,Uruguay,2016,0.1245588688167235
858,Uruguay,2017,0.127025388285547
858,Uruguay,2018,0.1295568230470245
858,Uruguay,2019,0.132222796395276
858,Uruguay,2020,0.1351025591064615
858,Uruguay,2021,0.13816873585484252
858,Uruguay,2022,0.14141021995582548
860,Uzbekistan,2000,0.07933372598871935
860,Uzbekistan,2001,0.0808742517737903
860,Uzbekistan,2002,0.08250759689210779
860,Uzbekistan,2003,0.08424335545953715
860,Uzbekistan,2004,0.08611307697988799
860,Uzbekistan,2005,0.08814389386487159
860,Uzbekistan,2006,0.09038168014886
860,Uzbekistan,2007,0.09287030464585275
860,Uzbekistan,2008,0.09565054681366016
860,Uzbekistan,2009,0.09875800086066844
860,Uzbekistan,2010,0.10219873622618811
860,Uzbekistan,2011,0.106031875036215
860,Uzbekistan,2012,0.11033288168332
860,Uzbekistan,2013,0.115232828122231
860,Uzbekistan,2014,0.120889075804456
860,Uzbekistan,2015,0.1274023545891635
860,Uzbekistan,2016,0.1347742532279065
860,Uzbekistan,2017,0.1427864539183745
860,Uzbekistan,2018,0.1513542278413055
860,Uzbekistan,2019,0.160509742998164
860,Uzbekistan,2020,0.17012499482501198
860,Uzbekistan,2021,0.1802256077257045
860,Uzbekistan,2022,0.1908164289396435
862,Venezuela,2000,0.09430510449435064
862,Venezuela,2001,0.09633880434440505
862,Venezuela,2002,0.09825525721180645
862,Venezuela,2003,0.10011147738234286
862,Venezuela,2004,0.10195973123476709
862,Venezuela,2005,0.1038088653012777
862,Venezuela,2006,0.10566338444832525
862,Venezuela,2007,0.10750743977048205
862,Venezuela,2008,0.10929729143259
862,Venezuela,2009,0.1109789082061855
862,Venezuela,2010,0.1124357942041415
862,Venezuela,2011,0.1136234891691275
862,Venezuela,2012,0.11439804457626701
862,Venezuela,2013,0.114744580084388
862,Venezuela,2014,0.114636699761202
862,Venezuela,2015,0.114137151225297
862,Venezuela,2016,0.113314296171454
862,Venezuela,2017,0.11224641436173449
862,Venezuela,2018,0.111060459142741
862,Venezuela,2019,0.10986036936727135
862,Venezuela,2020,0.10877797695966465
862,Venezuela,2021,0.1078378881463046
862,Venezuela,2022,0.10704400410586304
