country_id,country_name,year,gdp_per_capita
32,Argentina,2000,7637.01489203628
51,Armenia,2000,593.450581742282
36,Australia,2000,21870.4159669594
40,Austria,2000,24487.2974685956
56,Belgium,2000,23098.8865077401
48,Bahrain,2000,14214.4836839343
112,Belarus,2000,1276.28038121269
84,Belize,2000,4729.67080428075
76,Brazil,2000,3766.54811466032
124,Canada,2000,24271.0020563821
756,Switzerland,2000,38865.021939688
152,Chile,2000,5052.99245768719
156,China,2000,959.360431369138
170,Colombia,2000,2555.00751039968
188,Costa Rica,2000,3812.75388284924
192,Cuba,2000,2751.3817714814
196,Cyprus,2000,14388.3525390625
203,Czechia,2000,6062.92152842793
276,Germany,2000,23925.8559901991
208,Denmark,2000,30722.0251837567
218,Ecuador,2000,1382.23421759909
724,Spain,2000,14743.2671031455
233,Estonia,2000,4070.60902410208
246,Finland,2000,24335.9225082659
250,France (metropolitan),2000,22340.5939516217
826,United Kingdom,2000,28280.926786099
268,Georgia,2000,749.908534993961
300,Greece,2000,11638.2010697215
320,Guatemala,2000,1648.96578971559
328,Guyana,2000,931.796651718955
191,Croatia,2000,4953.65158789022
348,Hungary,2000,4624.28165670295
356,India,2000,442.750218937263
372,Ireland,2000,26334.5672050501
352,Iceland,2000,32096.3722613695
376,Israel,2000,21660.840378309
380,Italy,2000,20190.0035636084
392,Japan,2000,39169.3595701504
417,Kyrgyzstan,2000,279.621767006739
410,South Korea,2000,12257.0206622345
414,Kuwait,2000,19296.3471698729
440,Lithuania,2000,3300.63634928559
442,Luxembourg,2000,48659.5988753233
428,Latvia,2000,3278.17896440803
498,Moldova,2000,440.538683980372
484,Mexico,2000,7524.02713693678
470,Malta,2000,10348.4865480967
480,Mauritius,2000,3981.98343249582
558,Nicaragua,2000,1017.3124434882
528,The Netherlands,2000,26225.1697734149
578,Norway,2000,38178.2368777076
554,New Zealand,2000,13641.1027183822
591,Panama,2000,3975.09308659503
608,Philippines,2000,1050.79272954492
616,Poland,2000,4520.64100449111
630,Puerto Rico,2000,16192.1269719638
620,Portugal,2000,11526.3720667968
600,Paraguay,2000,1736.11729210765
634,Qatar,2000,27535.182940934
642,Romania,2000,1659.92904910528
702,Singapore,2000,23852.8389514753
688,Serbia,2000,974.725469278615
703,Slovakia,2000,5421.6448441887
705,Slovenia,2000,10135.7219109212
752,Sweden,2000,29632.7736101599
764,Thailand,2000,2005.97694514234
792,Türkiye,2000,4192.44316738494
800,Uganda,2000,258.050338731086
858,Uruguay,2000,6987.70098766257
840,USA,2000,36329.9702595751
860,Uzbekistan,2000,555.149231099186
862,Venezuela,2000,4776.2816763938
710,South Africa,2000,3217.84693448467
32,Argentina,2001,7141.47507662826
51,Armenia,2001,659.588988535629
36,Australia,2001,19695.7297379144
40,Austria,2001,24430.495982841
56,Belgium,2001,23015.0712632462
48,Bahrain,2001,13573.2339887597
112,Belarus,2001,1244.37318523431
84,Belize,2001,4721.81625660785
76,Brazil,2001,3176.28935747524
124,Canada,2001,23822.096210932
756,Switzerland,2001,39638.7911061864
152,Chile,2001,4563.5952986689
156,China,2001,1053.11231442789
170,Colombia,2001,2472.99084035833
188,Costa Rica,2001,3985.12984506207
192,Cuba,2001,2842.96704310394
196,Cyprus,2001,14821.44921875
203,Czechia,2001,6669.07494847497
276,Germany,2001,23878.3641471651
208,Denmark,2001,30768.4775471112
218,Ecuador,2001,1791.30359685037
724,Spain,2001,15368.2337984435
233,Estonia,2001,4502.66614992392
246,Finland,2001,24965.202996776
250,France (metropolitan),2001,22331.7948343036
826,United Kingdom,2001,27906.5695029641
268,Georgia,2001,801.98383707929
300,Greece,2001,12156.9572824221
320,Guatemala,2001,1537.68663578252
328,Guyana,2001,931.574723847673
191,Croatia,2001,5364.83824691607
348,Hungary,2001,5276.03318905496
356,India,2001,450.357900514128
372,Ireland,2001,28282.409882073
352,Iceland,2001,28897.4439396908
376,Israel,2001,20907.1143041538
380,Italy,2001,20571.4787737914
392,Japan,2001,34406.1824638092
417,Kyrgyzstan,2001,308.411326685178
410,South Korea,2001,11561.2071745115
414,Kuwait,2001,17374.2318664227
440,Lithuania,2001,3532.52787363242
442,Luxembourg,2001,48440.1420151355
428,Latvia,2001,3504.61829462397
498,Moldova,2001,507.404076252819
484,Mexico,2001,7952.7647961764
470,Malta,2001,10357.7040358668
480,Mauritius,2001,3908.55694927435
558,Nicaragua,2001,1051.874235891
528,The Netherlands,2001,26955.7128032278
578,Norway,2001,38601.897639231
554,New Zealand,2001,13882.8568268586
591,Panama,2001,3991.7767076924
608,Philippines,2001,969.530611744453
616,Poland,2001,5015.23790036613
630,Puerto Rico,2001,18123.1987019918
620,Portugal,2001,11734.7649743954
600,Paraguay,2001,1637.68615122932
634,Qatar,2001,25870.7991864314
642,Romania,2001,1825.19299373184
702,Singapore,2001,21699.7414868907
688,Serbia,2001,1812.42088281393
703,Slovakia,2001,5712.47802761654
705,Slovenia,2001,10375.6255869861
752,Sweden,2001,27259.4806735435
764,Thailand,2001,1889.93432467144
792,Türkiye,2001,3045.55413956926
800,Uganda,2001,236.021188853993
858,Uruguay,2001,6382.76104740859
840,USA,2001,37133.6203973517
860,Uzbekistan,2001,454.415812256778
862,Venezuela,2001,4920.39313600453
710,South Africa,2001,2847.15191945908
32,Argentina,2002,2569.69963519124
51,Armenia,2002,742.651118319819
36,Australia,2002,20301.8431713256
40,Austria,2002,26334.862215032
56,Belgium,2002,25006.191397109
48,Bahrain,2002,13501.4708801425
112,Belarus,2002,1479.38066337175
84,Belize,2002,4861.74314184267
76,Brazil,2002,2855.94018885769
124,Canada,2002,24256.0192337185
756,Switzerland,2002,42458.7384679187
152,Chile,2002,4430.84741157069
156,China,2002,1148.51425710711
170,Colombia,2002,2428.92969771584
188,Costa Rica,2002,4067.71851429092
192,Cuba,2002,3005.21104247868
196,Cyprus,2002,16093.2158203125
203,Czechia,2002,8101.26018588111
276,Germany,2002,25486.5942008748
208,Denmark,2002,33257.1622586509
218,Ecuador,2002,2059.1585535974
724,Spain,2002,17111.0685058941
233,Estonia,2002,5343.18310760735
246,Finland,2002,26989.389260959
250,France (metropolitan),2002,24144.5727019529
826,United Kingdom,2002,30077.741432188
268,Georgia,2002,853.526171868939
300,Greece,2002,13782.195640943
320,Guatemala,2002,1669.33517469705
328,Guyana,2002,950.866932470993
191,Croatia,2002,6219.58164143945
348,Hungary,2002,6655.33300865319
356,India,2002,469.149928973927
372,Ireland,2002,32705.4345565698
352,Iceland,2002,32409.2161491753
376,Israel,2002,19034.3175740071
380,Italy,2002,22463.5222129968
392,Japan,2002,32820.7936433254
417,Kyrgyzstan,2002,321.726775366804
410,South Korea,2002,13165.08362497
414,Kuwait,2002,18512.7523035862
440,Lithuania,2002,4148.13091485015
442,Luxembourg,2002,53005.7339209179
428,Latvia,2002,4003.60935783538
498,Moldova,2002,570.799866188293
484,Mexico,2002,7983.03398483743
470,Malta,2002,11251.2060862043
480,Mauritius,2002,4073.06053055903
558,Nicaragua,2002,1014.3339042591
528,The Netherlands,2002,29446.5330872868
578,Norway,2002,43170.557174499
554,New Zealand,2002,16874.1874918196
591,Panama,2002,4090.58617397129
608,Philippines,2002,1014.90879320106
616,Poland,2002,5223.45178967082
630,Puerto Rico,2002,18731.4593897378
620,Portugal,2002,12936.6928204482
600,Paraguay,2002,1367.76506935997
634,Qatar,2002,27226.6593510117
642,Romania,2002,2119.85509684554
702,Singapore,2002,22159.8373710639
688,Serbia,2002,2390.73459447107
703,Slovakia,2002,6554.62808369461
705,Slovenia,2002,11639.1297780477
752,Sweden,2002,29957.9387652616
764,Thailand,2002,2089.75183111554
792,Türkiye,2002,3583.19745897158
800,Uganda,2002,241.984688408335
858,Uruguay,2002,4149.76140312687
840,USA,2002,37997.7424300242
860,Uzbekistan,2002,381.409296889283
862,Venezuela,2002,3652.09896501865
710,South Africa,2002,2688.23676032806
32,Argentina,2003,3320.47775133903
51,Armenia,2003,882.030167695474
36,Australia,2003,23718.1338501868
40,Austria,2003,32110.1159661425
56,Belgium,2003,30655.2092679024
48,Bahrain,2003,14486.0269029822
112,Belarus,2003,1819.52653114699
84,Belize,2003,4962.08962013799
76,Brazil,2003,3090.6070097455
124,Canada,2003,28301.8645937428
756,Switzerland,2003,49335.7456291067
152,Chile,2003,4773.40177520754
156,China,2003,1288.63749134336
170,Colombia,2003,2311.94218760291
188,Costa Rica,2003,4173.14856415514
192,Cuba,2003,3202.78109865637
196,Cyprus,2003,20252.24609375
203,Czechia,2003,9852.45677945801
276,Germany,2003,30711.1022511331
208,Denmark,2003,40519.0974905924
218,Ecuador,2003,2315.62215223014
724,Spain,2003,21522.0170990262
233,Estonia,2003,7205.40703313243
246,Finland,2003,32920.0857192568
250,France (metropolitan),2003,29479.5222101175
826,United Kingdom,2003,34442.6875402308
268,Georgia,2003,1010.03151630868
300,Greece,2003,18020.612039764
320,Guatemala,2003,1722.54701910774
328,Guyana,2003,973.742598054188
191,Croatia,2003,8190.11135193887
348,Hungary,2003,8419.43087098103
356,India,2003,544.143133545002
372,Ireland,2003,41203.5295847568
352,Iceland,2003,39476.6978486684
376,Israel,2003,19629.4145135202
380,Italy,2003,27618.9417740066
392,Japan,2003,35387.0374203599
417,Kyrgyzstan,2003,380.505828812441
410,South Korea,2003,14672.8057539465
414,Kuwait,2003,22690.655175144
440,Lithuania,2003,5507.47434187652
442,Luxembourg,2003,65689.3214536911
428,Latvia,2003,4914.57992829302
498,Moldova,2003,682.319095965299
484,Mexico,2003,7434.0746485155
470,Malta,2003,13593.974199672
480,Mauritius,2003,4858.26575549747
558,Nicaragua,2003,1021.35216668794
528,The Netherlands,2003,35896.7504630706
578,Norway,2003,50250.3298214345
554,New Zealand,2003,21913.7081719961
591,Panama,2003,4264.66428846636
608,Philippines,2003,1027.2301192843
616,Poland,2003,5720.81366178104
630,Puerto Rico,2003,19557.1202492358
620,Portugal,2003,15797.7821340276
600,Paraguay,2003,1443.99885236205
634,Qatar,2003,31602.470865136
642,Romania,2003,2679.40626016154
702,Singapore,2003,23730.3840054566
688,Serbia,2003,3153.9011312754
703,Slovakia,2003,8675.39633696465
705,Slovenia,2003,14711.674874253
752,Sweden,2003,37292.4214343004
764,Thailand,2003,2347.54001286066
792,Türkiye,2003,4637.88218501529
800,Uganda,2003,250.71543664681
858,Uruguay,2003,3671.12329256883
840,USA,2003,39490.3023903176
860,Uzbekistan,2003,394.164028897235
862,Venezuela,2003,3229.50557082079
710,South Africa,2003,4062.21755993786
32,Argentina,2004,4242.02099089422
51,Armenia,2004,1130.08791444158
36,Australia,2004,30836.7306824685
40,Austria,2004,36614.2506533707
56,Belgium,2004,35429.4077933344
48,Bahrain,2004,15963.9493171617
112,Belarus,2004,2378.33700470129
84,Belize,2004,5156.09817143194
76,Brazil,2004,3663.823188064
124,Canada,2004,32145.5412620217
756,Switzerland,2004,54659.4571488233
152,Chile,2004,6120.59152052304
156,China,2004,1508.66791560781
170,Colombia,2004,2818.57195413044
188,Costa Rica,2004,4431.0117207843
192,Cuba,2004,3399.21962893402
196,Cyprus,2004,23792.619140625
203,Czechia,2004,11782.5546676117
276,Germany,2004,34566.7359143735
208,Denmark,2004,46625.050098011
218,Ecuador,2004,2586.20914663347
724,Spain,2004,24925.0267844576
233,Estonia,2004,8916.0728274602
246,Finland,2004,37768.1334202029
250,France (metropolitan),2004,33644.9282220364
826,United Kingdom,2004,40366.8886650968
268,Georgia,2004,1305.04748557208
300,Greece,2004,21449.2552764245
320,Guatemala,2004,1840.91184884
328,Guyana,2004,1033.31030902188
191,Croatia,2004,9718.97322801967
348,Hungary,2004,10301.7033946743
356,India,2004,624.258826510066
372,Ireland,2004,47754.2023194244
352,Iceland,2004,47334.9306537723
376,Israel,2004,20546.2291718399
380,Italy,2004,31425.8208728669
392,Japan,2004,38298.9801712303
417,Kyrgyzstan,2004,433.233915720699
410,South Korea,2004,16496.1316167114
414,Kuwait,2004,27552.2827399787
440,Lithuania,2004,6734.57487061946
442,Luxembourg,2004,76544.9170868473
428,Latvia,2004,6109.73265186817
498,Moldova,2004,897.178494749468
484,Mexico,2004,7849.66759649565
470,Malta,2004,15212.1267402818
480,Mauritius,2004,5460.60800184198
558,Nicaragua,2004,1098.62118662335
528,The Netherlands,2004,40611.3414353091
578,Norway,2004,57768.6980958462
554,New Zealand,2004,25420.234882944
591,Panama,2004,4644.56582353041
608,Philippines,2004,1099.63013023758
616,Poland,2004,6711.72715262967
630,Puerto Rico,2004,20988.9923326534
620,Portugal,2004,18064.1580932987
600,Paraguay,2004,1786.21533938543
634,Qatar,2004,41035.5008380177
642,Romania,2004,3494.99056448955
702,Singapore,2004,27608.080013423
688,Serbia,2004,3597.08798057009
703,Slovakia,2004,10650.1290097126
705,Slovenia,2004,17103.8297783905
752,Sweden,2004,42758.2015503417
764,Thailand,2004,2641.56268717857
792,Türkiye,2004,5960.77898909049
800,Uganda,2004,292.38185796262
858,Uruguay,2004,4168.66065438387
840,USA,2004,41724.6411982614
860,Uzbekistan,2004,462.171492867885
862,Venezuela,2004,4269.08970872392
710,South Africa,2004,5221.46333731721
32,Argentina,2005,5067.65342293276
51,Armenia,2005,1557.48458908655
36,Australia,2005,34479.7679298388
40,Austria,2005,38157.37022862
56,Belgium,2005,36809.7013403619
48,Bahrain,2005,17966.1657837625
112,Belarus,2005,3126.07176665248
84,Belize,2005,5272.74417207961
76,Brazil,2005,4827.78173052472
124,Canada,2005,36383.6600068095
756,Switzerland,2005,56242.8933645639
152,Chile,2005,7480.3233099645
156,China,2005,1753.41419160544
170,Colombia,2005,3456.06610874512
188,Costa Rica,2005,4703.00721784778
192,Cuba,2005,3786.33799225291
196,Cyprus,2005,24959.26171875
203,Czechia,2005,13442.4916284309
276,Germany,2005,35084.4363546269
208,Denmark,2005,48925.8076698784
218,Ecuador,2005,2909.02606014388
724,Spain,2005,26450.9530130382
233,Estonia,2005,10414.6381183565
246,Finland,2005,39049.8703780223
250,France (metropolitan),2005,34696.3718316971
826,United Kingdom,2005,42104.7884375024
268,Georgia,2005,1642.78359414797
300,Greece,2005,22054.1315756886
320,Guatemala,2005,2046.46611650758
328,Guyana,2005,1084.06541388904
191,Croatia,2005,10443.5278353294
348,Hungary,2005,11223.3993032598
356,India,2005,710.488080408949
372,Ireland,2005,50933.0216095589
352,Iceland,2005,56794.8501588953
376,Israel,2005,21226.7213913393
380,Italy,2005,32171.793374715
392,Japan,2005,37812.8950199948
417,Kyrgyzstan,2005,476.548239793618
410,South Korea,2005,19402.5026259549
414,Kuwait,2005,36122.6142741227
440,Lithuania,2005,7857.03148786492
442,Luxembourg,2005,80988.1376230858
428,Latvia,2005,7283.78738127622
498,Moldova,2005,1034.39197746993
484,Mexico,2005,8671.75891885163
470,Malta,2005,15831.3440511034
480,Mauritius,2005,5354.02974260642
558,Nicaragua,2005,1183.30217305152
528,The Netherlands,2005,42165.396168388
578,Norway,2005,67047.1704558264
554,New Zealand,2005,27751.0654708859
591,Panama,2005,5017.7410922824
608,Philippines,2005,1220.46018559867
616,Poland,2005,8043.92332253757
630,Puerto Rico,2005,21959.322696986
620,Portugal,2005,18780.12751241
600,Paraguay,2005,1970.87169852378
634,Qatar,2005,53949.6764091147
642,Romania,2005,4618.00350802913
702,Singapore,2005,29961.3172812732
688,Serbia,2005,3807.97417321786
703,Slovakia,2005,11641.5410321763
705,Slovenia,2005,17969.7095907161
752,Sweden,2005,43378.6152117149
764,Thailand,2005,2867.70383436062
792,Türkiye,2005,7303.01388860245
800,Uganda,2005,330.405402707025
858,Uruguay,2005,5284.25677987129
840,USA,2005,44123.3996470026
860,Uzbekistan,2005,542.835808692209
862,Venezuela,2005,5432.4854184654
710,South Africa,2005,5836.87663325127
32,Argentina,2006,5869.38028970204
51,Armenia,2006,2041.65267068997
36,Australia,2006,36595.7071548423
40,Austria,2006,40382.2078298575
56,Belgium,2006,38705.1067959147
48,Bahrain,2006,19267.282615072
112,Belarus,2006,3848.22350300163
84,Belize,2006,5527.16775856439
76,Brazil,2006,5934.1447107274
124,Canada,2006,40504.0370977806
756,Switzerland,2006,59011.0324592016
152,Chile,2006,9318.65655299547
156,China,2006,2099.2194300499
170,Colombia,2006,3789.85361217027
188,Costa Rica,2006,5256.59640859159
192,Cuba,2006,4329.98265964383
196,Cyprus,2006,26729.28125
203,Czechia,2006,15259.0788162004
276,Germany,2006,36980.3349948954
208,Denmark,2006,52119.1787984282
218,Ecuador,2006,3243.67010359339
724,Spain,2006,28421.686527407
233,Estonia,2006,12641.4800976473
246,Finland,2006,41214.0187765069
250,France (metropolitan),2006,36431.5658906555
826,United Kingdom,2006,44512.4590296865
268,Georgia,2006,1996.02013272284
300,Greece,2006,24416.0232970275
320,Guatemala,2006,2225.1234753878
328,Guyana,2006,3135.60553528326
191,Croatia,2006,11502.753124287
348,Hungary,2006,11489.5608654088
356,India,2006,801.668353659022
372,Ireland,2006,54329.1618599624
352,Iceland,2006,57492.9342498703
376,Israel,2006,22502.0722209991
380,Italy,2006,33684.7200358552
392,Japan,2006,35991.546002862
417,Kyrgyzstan,2006,543.113512472219
410,South Korea,2006,21743.4774514254
414,Kuwait,2006,42946.6374104066
440,Lithuania,2006,9210.10118229413
442,Luxembourg,2006,90788.8004876145
428,Latvia,2006,9211.7374468148
498,Moldova,2006,1183.02481442894
484,Mexico,2006,9512.63575346699
470,Malta,2006,16653.607176998
480,Mauritius,2006,5695.97525509869
558,Nicaragua,2006,1248.17675959909
528,The Netherlands,2006,45123.5432406426
578,Norway,2006,74434.4996835671
554,New Zealand,2006,26654.5932018985
591,Panama,2006,5528.76705469354
608,Philippines,2006,1426.14649179546
616,Poland,2006,9068.85528307627
630,Puerto Rico,2006,22935.9411586313
620,Portugal,2006,19839.4540499032
600,Paraguay,2006,2439.43124694576
634,Qatar,2006,62582.4453138755
642,Romania,2006,5757.53127301178
702,Singapore,2006,33768.4528234651
688,Serbia,2006,4492.7136699046
703,Slovakia,2006,13167.8954730379
705,Slovenia,2006,19563.005059144
752,Sweden,2006,46531.6001120572
764,Thailand,2006,3331.32043511773
792,Türkiye,2006,7953.07848024969
800,Uganda,2006,346.518255310647
858,Uruguay,2006,6001.33294783172
840,USA,2006,46301.9876485519
860,Uzbekistan,2006,649.118167003925
862,Venezuela,2006,6739.38065342219
710,South Africa,2006,6077.38293388876
32,Argentina,2007,7185.25155147027
51,Armenia,2007,2962.70234594569
36,Australia,2007,41051.6120652288
40,Austria,2007,46622.9622913635
56,Belgium,2007,44319.165448813
48,Bahrain,2007,20908.4042548073
112,Belarus,2007,4735.48107556066
84,Belize,2007,5765.28199932455
76,Brazil,2007,7409.69130727951
124,Canada,2007,44660.0838892281
756,Switzerland,2007,64989.1553256031
152,Chile,2007,10346.4138184533
156,China,2007,2693.95873160283
170,Colombia,2007,4769.926147194
188,Costa Rica,2007,6137.71199925542
192,Cuba,2007,4807.43888960684
196,Cyprus,2007,31244.87890625
203,Czechia,2007,18452.6532812196
276,Germany,2007,42350.9217211489
208,Denmark,2007,58631.6566433635
218,Ecuador,2007,3478.92488770671
724,Spain,2007,32652.015594702
233,Estonia,2007,16745.4308011148
246,Finland,2007,48473.0240091455
250,France (metropolitan),2007,41486.1907828787
826,United Kingdom,2007,50397.6854954706
268,Georgia,2007,2635.36650276116
300,Greece,2007,28440.7625328955
320,Guatemala,2007,2458.81573919384
328,Guyana,2007,3608.28685240188
191,Croatia,2007,13757.605654192
348,Hungary,2007,13940.9092761999
356,India,2007,1021.88707706826
372,Ireland,2007,61396.417461176
352,Iceland,2007,69495.7267376825
376,Israel,2007,25635.926838502
380,Italy,2007,38031.9709472716
392,Japan,2007,35779.0245416427
417,Kyrgyzstan,2007,721.771646044636
410,South Korea,2007,24086.4104391677
414,Kuwait,2007,45709.4132876371
440,Lithuania,2007,12295.1212779366
442,Luxembourg,2007,107475.320297978
428,Latvia,2007,13370.9789452508
498,Moldova,2007,1531.21618590748
484,Mexico,2007,10134.3327138119
470,Malta,2007,19444.1875016088
480,Mauritius,2007,6574.6635764099
558,Nicaragua,2007,1350.38954614622
528,The Netherlands,2007,52100.7996285947
578,Norway,2007,85502.2677087731
554,New Zealand,2007,32479.9817381467
591,Panama,2007,6317.81730274124
608,Philippines,2007,1712.65543282793
616,Poland,2007,11272.5293683383
630,Puerto Rico,2007,23664.8823485096
620,Portugal,2007,22811.0564844365
600,Paraguay,2007,3211.93621659546
634,Qatar,2007,65954.3419525051
642,Romania,2007,8360.33775916596
702,Singapore,2007,39432.8860198877
688,Serbia,2007,6081.08765700202
703,Slovakia,2007,16110.4817265237
705,Slovenia,2007,23725.1596001515
752,Sweden,2007,53568.5645523213
764,Thailand,2007,3918.52817434581
792,Türkiye,2007,9711.22376120832
800,Uganda,2007,401.389130865581
858,Uruguay,2007,7222.05403645877
840,USA,2007,48050.227412195
860,Uzbekistan,2007,824.028192334768
862,Venezuela,2007,8331.62096991844
710,South Africa,2007,6591.85535960564
32,Argentina,2008,8944.1102657357
51,Armenia,2008,3777.66859313767
36,Australia,2008,49701.2817843335
40,Austria,2008,51581.3982361071
56,Belgium,2008,48303.397956286
48,Bahrain,2008,23299.4992780392
112,Belarus,2008,6376.17569162063
84,Belize,2008,5713.28126796797
76,Brazil,2008,8908.33176567294
124,Canada,2008,46710.2526864484
756,Switzerland,2008,74175.1927898555
152,Chile,2008,10683.2188772853
156,China,2008,3468.32706307504
170,Colombia,2008,5541.83629665898
188,Costa Rica,2008,6937.24261596055
192,Cuba,2008,4986.12436479175
196,Cyprus,2008,35397.296875
203,Czechia,2008,22774.7045076205
276,Germany,2008,46386.3295924799
208,Denmark,2008,64616.6657583663
218,Ecuador,2008,4194.75750661981
724,Spain,2008,35603.248328071
233,Estonia,2008,18205.9064113446
246,Finland,2008,53769.4726240385
250,France (metropolitan),2008,45464.8181385158
826,United Kingdom,2008,47396.1202078484
268,Georgia,2008,3324.7537205015
300,Greece,2008,31695.8331092209
320,Guatemala,2008,2763.05988172926
328,Guyana,2008,4008.9628671603
191,Croatia,2008,15889.4347074759
348,Hungary,2008,15772.3300839383
356,India,2008,992.519584923828
372,Ireland,2008,61353.1065629523
352,Iceland,2008,56943.3704468563
376,Israel,2008,30176.2865128483
380,Italy,2008,41095.4063415012
392,Japan,2008,39876.3039685725
417,Kyrgyzstan,2008,966.388569370494
410,South Korea,2008,21350.427979823
414,Kuwait,2008,55585.1889344442
440,Lithuania,2008,14955.5345462921
442,Luxembourg,2008,120422.137934157
428,Latvia,2008,15677.6080864506
498,Moldova,2008,2110.55305353857
484,Mexico,2008,10523.7685403244
470,Malta,2008,22315.3198630182
480,Mauritius,2008,8030.05228087539
558,Nicaragua,2008,1523.68088982295
528,The Netherlands,2008,58246.7026905874
578,Norway,2008,97503.5407803783
554,New Zealand,2008,31252.9625640673
591,Panama,2008,7347.59050324397
608,Philippines,2008,1959.29233534978
616,Poland,2008,14048.5604672654
630,Puerto Rico,2008,24898.3345857045
620,Portugal,2008,24949.0413566739
600,Paraguay,2008,4384.9546943793
634,Qatar,2008,80781.4039187792
642,Romania,2008,10435.1561230787
702,Singapore,2008,40008.5720489092
688,Serbia,2008,7376.73517910716
703,Slovakia,2008,18744.3192278346
705,Slovenia,2008,27461.9764165315
752,Sweden,2008,55817.4392710726
764,Thailand,2008,4309.13509292986
792,Türkiye,2008,10843.5036940489
800,Uganda,2008,472.842681495852
858,Uruguay,2008,9423.96562595893
840,USA,2008,48570.0594269601
860,Uzbekistan,2008,1074.72928796701
862,Venezuela,2008,11262.4514256759
710,South Africa,2008,6184.75474328399
32,Argentina,2009,8150.23527028221
51,Armenia,2009,2820.5926553347
36,Australia,2009,42816.5674002829
40,Austria,2009,47857.4446635266
56,Belgium,2009,44923.3400135081
48,Bahrain,2009,19465.3140745038
112,Belarus,2009,5352.48809190697
84,Belize,2009,5401.22963143045
76,Brazil,2009,8678.65922498836
124,Canada,2009,40874.8831932903
756,Switzerland,2009,71568.3123885672
152,Chile,2009,10098.8017166866
156,China,2009,3832.2274569094
170,Colombia,2009,5250.97292433518
188,Costa Rica,2009,6832.69829924138
192,Cuba,2009,5089.23519757167
196,Cyprus,2009,32236.44921875
203,Czechia,2009,19817.4215836554
276,Germany,2009,42487.2137101496
208,Denmark,2009,58412.7472358513
218,Ecuador,2009,4053.36331139298
724,Spain,2009,32279.8208476151
233,Estonia,2009,14712.4494217916
246,Finland,2009,47478.3495310999
250,France (metropolitan),2009,41728.0884164132
826,United Kingdom,2009,38744.131693043
268,Georgia,2009,2822.68939668797
300,Greece,2009,29425.4573200263
320,Guatemala,2009,2611.64632773352
328,Guyana,2009,4209.13230624565
191,Croatia,2009,14475.9632928725
348,Hungary,2009,13077.305465178
356,India,2009,1094.94974598436
372,Ireland,2009,52133.0909237885
352,Iceland,2009,41301.273219718
376,Israel,2009,28381.6449423376
380,Italy,2009,37388.4537139699
392,Japan,2009,41308.9968370512
417,Kyrgyzstan,2009,870.198894546917
410,South Korea,2009,19143.8516053025
414,Kuwait,2009,37907.1001320042
440,Lithuania,2009,11854.3711053096
442,Luxembourg,2009,109419.746953106
428,Latvia,2009,11996.0322729773
498,Moldova,2009,1898.43975710988
484,Mexico,2009,8423.56933214711
470,Malta,2009,21176.3112406361
480,Mauritius,2009,7318.12640972422
558,Nicaragua,2009,1467.08019633408
528,The Netherlands,2009,53172.0261581418
578,Norway,2009,80347.5700665184
554,New Zealand,2009,28209.3623271229
591,Panama,2009,7796.92617035048
608,Philippines,2009,1864.45043406471
616,Poland,2009,11556.3026866026
630,Puerto Rico,2009,25768.7258883384
620,Portugal,2009,23151.2154130712
600,Paraguay,2009,3941.84815479271
634,Qatar,2009,60785.7351551657
642,Romania,2009,8548.4543409242
702,Singapore,2009,38926.8054365453
688,Serbia,2009,6414.0448463847
703,Slovakia,2009,16586.7527805228
705,Slovenia,2009,24501.7897290425
752,Sweden,2009,46707.8673215418
764,Thailand,2009,4135.43986952819
792,Türkiye,2009,9012.99945793034
800,Uganda,2009,798.947089938247
858,Uruguay,2009,9881.39573127081
840,USA,2009,47194.9500893872
860,Uzbekistan,2009,1205.7993547038
862,Venezuela,2009,11596.6021921731
710,South Africa,2009,6374.70560042992
32,Argentina,2010,10260.1313108254
51,Armenia,2010,3041.34450723339
36,Australia,2010,52144.6654705468
40,Austria,2010,46611.1393420232
56,Belgium,2010,44197.393671162
48,Bahrain,2010,21819.3291098099
112,Belarus,2010,6034.67885177216
84,Belize,2010,5451.13897172477
76,Brazil,2010,11403.2821284616
124,Canada,2010,47560.6666009406
756,Switzerland,2010,76531.3729407691
152,Chile,2010,12632.8704725219
156,China,2010,4550.47394356715
170,Colombia,2010,6398.2958447102
188,Costa Rica,2010,8265.78820275582
192,Cuba,2010,5272.26755824835
196,Cyprus,2010,31105.02734375
203,Czechia,2010,20160.4355077059
276,Germany,2010,42409.9356994694
208,Denmark,2010,58104.5445594981
218,Ecuador,2010,4520.30959039763
724,Spain,2010,30658.7422282912
233,Estonia,2010,14663.7041018705
246,Finland,2010,46506.2919016566
250,France (metropolitan),2010,40694.8211697025
826,United Kingdom,2010,39598.957119545
268,Georgia,2010,3281.72930937343
300,Greece,2010,26653.0488008626
320,Guatemala,2010,2805.25960237322
328,Guyana,2010,4581.76179693492
191,Croatia,2010,13731.2865213989
348,Hungary,2010,13217.5045951108
356,India,2010,1347.51939071367
372,Ireland,2010,48679.4026820361
352,Iceland,2010,43237.0729488958
376,Israel,2010,31338.5568903917
380,Italy,2010,36184.7118698678
392,Japan,2010,44968.1562349739
417,Kyrgyzstan,2010,876.954476440354
410,South Korea,2010,23079.2601257735
414,Kuwait,2010,39212.2726673435
440,Lithuania,2010,11829.122609457
442,Luxembourg,2010,110885.991378721
428,Latvia,2010,11188.4191700977
498,Moldova,2010,2436.79935102421
484,Mexico,2010,9728.80078377082
470,Malta,2010,21946.6069676515
480,Mauritius,2010,8000.37643182154
558,Nicaragua,2010,1526.56185349171
528,The Netherlands,2010,51305.7338533973
578,Norway,2010,88163.2085931423
554,New Zealand,2010,33676.7741239925
591,Panama,2010,8331.46421351868
608,Philippines,2010,2162.91375885614
616,Poland,2010,12567.7317676382
630,Puerto Rico,2010,26435.74878578
620,Portugal,2010,22551.935098809
600,Paraguay,2010,4750.96273669322
634,Qatar,2010,77387.3267885308
642,Romania,2010,8399.5374234284
702,Singapore,2010,47236.683084953
688,Serbia,2010,5970.92660940072
703,Slovakia,2010,16899.448680529
705,Slovenia,2010,23329.8417691156
752,Sweden,2010,52542.8274141037
764,Thailand,2010,4973.86288823778
792,Türkiye,2010,10622.7020439723
800,Uganda,2010,823.488144282
858,Uruguay,2010,12641.0576849008
840,USA,2010,48650.6643227232
860,Uzbekistan,2010,1753.20730243278
862,Venezuela,2010,13646.3046622664
710,South Africa,2010,7973.47195771517
32,Argentina,2011,12704.2831819684
51,Armenia,2011,3349.55309771906
36,Australia,2011,62605.600458306
40,Austria,2011,51116.8953522042
56,Belgium,2011,47760.8298776546
48,Bahrain,2011,25032.7867743333
112,Belarus,2011,6527.6593428786
84,Belize,2011,5582.22170621269
76,Brazil,2011,13396.6243566047
124,Canada,2011,52223.8588398531
756,Switzerland,2011,90476.7589651577
152,Chile,2011,14487.3927827263
156,China,2011,5614.38602225277
170,Colombia,2011,7400.9940695669
188,Costa Rica,2011,9276.39107511347
192,Cuba,2011,6104.46105236166
196,Cyprus,2011,32485.796875
203,Czechia,2011,22049.1080788682
276,Germany,2011,47646.582043143
208,Denmark,2011,61809.737898222
218,Ecuador,2011,5153.6916424375
724,Spain,2011,31824.6219134777
233,Estonia,2011,17555.5455239426
246,Finland,2011,51060.3242589767
250,France (metropolitan),2011,43929.7840873812
826,United Kingdom,2011,42109.6418795749
268,Georgia,2011,4119.66818307193
300,Greece,2011,25504.7866510124
320,Guatemala,2011,3168.98370607705
328,Guyana,2011,4947.22170589917
191,Croatia,2011,14694.9993201417
348,Hungary,2011,14234.471576937
356,India,2011,1445.46127486037
372,Ireland,2011,52692.7813135606
352,Iceland,2011,47714.5922308485
376,Israel,2011,34433.822610733
380,Italy,2011,38851.3881339353
392,Japan,2011,48760.0789494211
417,Kyrgyzstan,2011,1117.40184423062
410,South Korea,2011,25097.595426845
414,Kuwait,2011,49169.6063983139
440,Lithuania,2011,14261.8433787325
442,Luxembourg,2011,119025.057203467
428,Latvia,2011,12902.574053337
498,Moldova,2011,2941.36224066021
484,Mexico,2011,10664.4944032313
470,Malta,2011,23516.9691249323
480,Mauritius,2011,9197.04299089459
558,Nicaragua,2011,1679.71034177231
528,The Netherlands,2011,54701.7728030611
578,Norway,2011,101221.813476644
554,New Zealand,2011,38388.5280906616
591,Panama,2011,9662.29592216607
608,Philippines,2011,2383.91892526787
616,Poland,2011,13867.6669408192
630,Puerto Rico,2011,27278.8830499205
620,Portugal,2011,23246.5425416481
600,Paraguay,2011,5805.40154543044
634,Qatar,2011,103261.506539346
642,Romania,2011,9560.6755277458
702,Singapore,2011,53891.4570264372
688,Serbia,2011,7082.2861666075
703,Slovakia,2011,18469.4354316836
705,Slovenia,2011,24940.6284841605
752,Sweden,2011,60379.7748160321
764,Thailand,2011,5373.6232832898
792,Türkiye,2011,11300.7852215681
800,Uganda,2011,835.620060555838
858,Uruguay,2011,15132.2675725587
840,USA,2011,50065.9789470675
860,Uzbekistan,2011,2087.86386135694
862,Venezuela,2011,10843.9229703167
710,South Africa,2011,8646.05571071635
32,Argentina,2012,12949.717486654
51,Armenia,2012,3511.56399687426
36,Australia,2012,68072.8732340801
40,Austria,2012,48250.4059142637
56,Belgium,2012,44874.1709182123
48,Bahrain,2012,26438.6733230428
112,Belarus,2012,6953.21591683101
84,Belize,2012,5709.68918765363
76,Brazil,2012,12521.7213530369
124,Canada,2012,52670.3447335415
756,Switzerland,2012,85836.2076767359
152,Chile,2012,15241.9069977366
156,China,2012,6300.58217951734
170,Colombia,2012,8108.59838244229
188,Costa Rica,2012,10126.9991024177
192,Cuba,2012,6470.83673392653
196,Cyprus,2012,28991.935546875
203,Czechia,2012,20014.0354015165
276,Germany,2012,44735.5882319701
208,Denmark,2012,58443.7747103968
218,Ecuador,2012,5634.08393191094
724,Spain,2012,28456.4438151477
233,Estonia,2012,17568.2137969714
246,Finland,2012,47551.6740841369
250,France (metropolitan),2012,40863.5814412333
826,United Kingdom,2012,42497.3404974322
268,Georgia,2012,4530.69533409431
300,Greece,2012,21624.346052551
320,Guatemala,2012,3286.61959336267
328,Guyana,2012,5444.39751913913
191,Croatia,2012,13508.6836989693
348,Hungary,2012,12984.8365730133
356,India,2012,1429.32199520032
372,Ireland,2012,49411.7387476787
352,Iceland,2012,45995.5478789467
376,Israel,2012,33236.5731239421
380,Italy,2012,35235.7989058242
392,Japan,2012,49145.2804308193
417,Kyrgyzstan,2012,1168.62244675446
410,South Korea,2012,25459.1689000965
414,Kuwait,2012,52155.2225460479
440,Lithuania,2012,14294.7178607152
442,Luxembourg,2012,112584.676270958
428,Latvia,2012,13329.3499931271
498,Moldova,2012,3044.8084324815
484,Mexico,2012,10744.1335242686
470,Malta,2012,22878.313086001
480,Mauritius,2012,9291.23627601053
558,Nicaragua,2012,1784.69212752824
528,The Netherlands,2012,50473.9442002689
578,Norway,2012,102175.919298374
554,New Zealand,2012,39974.2997334925
591,Panama,2012,11064.8063606203
608,Philippines,2012,2614.61644410764
616,Poland,2012,13087.420943321
630,Puerto Rico,2012,27944.7338937424
620,Portugal,2012,20593.4274224109
600,Paraguay,2012,5642.1699167298
634,Qatar,2012,108470.378825036
642,Romania,2012,8929.95366231474
702,Singapore,2012,55547.5553077786
688,Serbia,2012,6263.04086072815
703,Slovakia,2012,17516.9691054078
705,Slovenia,2012,22442.1417859955
752,Sweden,2012,57749.8251328664
764,Thailand,2012,5725.52802835463
792,Türkiye,2012,11713.2849831139
800,Uganda,2012,795.222867553127
858,Uruguay,2012,16259.5940814256
840,USA,2012,51784.4114692048
860,Uzbekistan,2012,2307.34649117185
862,Venezuela,2012,12901.4171582274
710,South Africa,2012,8076.97678479741
32,Argentina,2013,12963.675773326
51,Armenia,2013,3680.16692158886
36,Australia,2013,68190.7010035651
40,Austria,2013,50305.3545774973
56,Belgium,2013,46964.5946777056
48,Bahrain,2013,26989.7601148469
112,Belarus,2013,7998.0802045456
84,Belize,2013,5950.20299917747
76,Brazil,2013,12458.891214816
124,Canada,2013,52638.1187235237
756,Switzerland,2013,87304.3305813557
152,Chile,2013,15683.54863663
156,China,2013,7020.3860742288
170,Colombia,2013,8279.10255642981
188,Costa Rica,2013,10803.2401962173
192,Cuba,2013,6828.36428245396
196,Cyprus,2013,27797.45703125
203,Czechia,2013,20260.4954999375
276,Germany,2013,47220.0102098851
208,Denmark,2013,61377.5940590412
218,Ecuador,2013,6109.29031510341
724,Spain,2013,29218.9105170888
233,Estonia,2013,19310.3874900757
246,Finland,2013,49691.0145200739
250,France (metropolitan),2013,42669.1795111893
826,United Kingdom,2013,43426.2981405143
268,Georgia,2013,4712.00229382665
300,Greece,2013,21573.3449762805
320,Guatemala,2013,3444.15971843874
328,Guyana,2013,5556.91231156932
191,Croatia,2013,14136.3967669505
348,Hungary,2013,13715.0703590361
356,India,2013,1432.84397512195
372,Ireland,2013,52619.2123745817
352,Iceland,2013,49804.9829978371
376,Israel,2013,36929.6042163752
380,Italy,2013,35747.707952689
392,Japan,2013,40898.6478964744
417,Kyrgyzstan,2013,1269.66303464348
410,South Korea,2013,27179.5170146052
414,Kuwait,2013,49651.0439709448
440,Lithuania,2013,15655.3513307327
442,Luxembourg,2013,120000.140729859
428,Latvia,2013,14484.4715282132
498,Moldova,2013,3321.04397795719
484,Mexico,2013,11216.8008505428
470,Malta,2013,25346.5236450477
480,Mauritius,2013,9764.64413060045
558,Nicaragua,2013,1835.43436443315
528,The Netherlands,2013,52602.2860520766
578,Norway,2013,103553.840134417
554,New Zealand,2013,42977.388040868
591,Panama,2013,12273.3225037637
608,Philippines,2013,2781.27957670473
616,Poland,2013,13621.9023794031
630,Puerto Rico,2013,28513.1657351067
620,Portugal,2013,21676.4859642714
600,Paraguay,2013,6435.68342733182
634,Qatar,2013,103697.008372373
642,Romania,2013,9497.67411615237
702,Singapore,2013,56967.4257940383
688,Serbia,2013,7040.41812068781
703,Slovakia,2013,18312.7805149823
705,Slovenia,2013,23236.9655321695
752,Sweden,2013,60844.2767113975
764,Thailand,2013,6018.08244729255
792,Türkiye,2013,12578.1878632
800,Uganda,2013,818.285427416713
858,Uruguay,2013,18335.2594772322
840,USA,2013,53409.7507774372
860,Uzbekistan,2013,2461.97947403595
862,Venezuela,2013,12403.1466957582
710,South Africa,2013,7331.65467384919
32,Argentina,2014,12233.1444119186
51,Armenia,2014,3852.11800610384
36,Australia,2014,62544.0873773726
40,Austria,2014,51314.9722616322
56,Belgium,2014,47995.7786961339
48,Bahrain,2014,26451.7965647453
112,Belarus,2014,8341.29014337961
84,Belize,2014,6128.14288539305
76,Brazil,2014,12274.9939689363
124,Canada,2014,50960.8431174661
756,Switzerland,2014,88724.9909402638
152,Chile,2014,14529.6767210362
156,China,2014,7636.07434020616
170,Colombia,2014,8187.20824890084
188,Costa Rica,2014,10911.497878334
192,Cuba,2014,7146.70459051328
196,Cyprus,2014,27244.3515625
203,Czechia,2014,20038.4163180257
276,Germany,2014,48971.0824722599
208,Denmark,2014,62520.4509747011
218,Ecuador,2014,6405.79979300441
724,Spain,2014,29694.8874886229
233,Estonia,2014,20581.7898991695
246,Finland,2014,50073.7760815871
250,France (metropolitan),2014,43148.0459288416
826,United Kingdom,2014,47439.6165895125
268,Georgia,2014,4830.33486170249
300,Greece,2014,21474.7257123892
320,Guatemala,2014,3689.14472473545
328,Guyana,2014,5472.68820452237
191,Croatia,2014,14187.9694531493
348,Hungary,2014,14294.2584180751
356,India,2014,1553.88396075118
372,Ireland,2014,57278.2590911107
352,Iceland,2014,54576.7448146565
376,Israel,2014,38230.4954049785
380,Italy,2014,35750.7197500382
392,Japan,2014,38475.3952461838
417,Kyrgyzstan,2014,1264.52679529608
410,South Korea,2014,29252.9312377352
414,Kuwait,2014,44368.781373043
440,Lithuania,2014,16473.5678231709
442,Luxembourg,2014,123678.702143275
428,Latvia,2014,15185.814581236
498,Moldova,2014,3289.95758568777
484,Mexico,2014,11391.3773497683
470,Malta,2014,27356.6080303021
480,Mauritius,2014,10366.3550754936
558,Nicaragua,2014,1958.36966453366
528,The Netherlands,2014,53457.2234864322
578,Norway,2014,97666.6951838749
554,New Zealand,2014,44578.2253868016
591,Panama,2014,13213.1989637473
608,Philippines,2014,2866.83803767919
616,Poland,2014,14262.2841914116
630,Puerto Rico,2014,28981.4573305866
620,Portugal,2014,22120.6850127107
600,Paraguay,2014,6652.25478942291
634,Qatar,2014,95840.6310094498
642,Romania,2014,10031.7710755404
702,Singapore,2014,57564.8023114977
688,Serbia,2014,6886.67809068704
703,Slovakia,2014,18770.9289896545
705,Slovenia,2014,24013.0682060959
752,Sweden,2014,59583.7140001673
764,Thailand,2014,5801.1978916205
792,Türkiye,2014,12165.220135038
800,Uganda,2014,896.054795546394
858,Uruguay,2014,18322.4276767157
840,USA,2014,55304.3155317137
860,Uzbekistan,2014,2674.9628382103
862,Venezuela,2014,15943.6127197163
710,South Africa,2014,6856.73137092522
32,Argentina,2015,13679.6264980954
51,Armenia,2015,3512.39350276709
36,Australia,2015,56739.0265346593
40,Austria,2015,43915.228020857
56,Belgium,2015,40893.804537772
48,Bahrain,2015,23734.0551143019
112,Belarus,2015,5967.06856034227
84,Belize,2015,6154.49593498217
76,Brazil,2015,8936.19661756825
124,Canada,2015,43594.1941045394
756,Switzerland,2015,83806.4476003837
152,Chile,2015,13433.9202985339
156,China,2015,8016.44559489998
170,Colombia,2015,6248.51490534512
188,Costa Rica,2015,11714.7105980732
192,Cuba,2015,7727.91997207998
196,Cyprus,2015,23487.228515625
203,Czechia,2015,17931.5987670768
276,Germany,2015,41911.0109851054
208,Denmark,2015,53094.0133607574
218,Ecuador,2015,5976.1596805651
724,Spain,2015,25969.8383138327
233,Estonia,2015,17722.1557669523
246,Finland,2015,42560.3456767103
250,France (metropolitan),2015,36702.4323733379
826,United Kingdom,2015,44964.3911437292
268,Georgia,2015,4086.6223465965
300,Greece,2015,17980.7298238137
320,Guatemala,2015,3893.50521848131
328,Guyana,2015,5640.41560569466
191,Croatia,2015,12285.3032582105
348,Hungary,2015,12717.038597002
356,India,2015,1583.99815907985
372,Ireland,2015,64311.8234684057
352,Iceland,2015,52951.6815110898
376,Israel,2015,36123.9907881129
380,Italy,2015,30387.1293187854
392,Japan,2015,34960.6393843385
417,Kyrgyzstan,2015,1105.65202996955
410,South Korea,2015,28737.4391706499
414,Kuwait,2015,29882.2126867068
440,Lithuania,2015,14300.2553666736
442,Luxembourg,2015,105462.012584423
428,Latvia,2015,13321.9753140616
498,Moldova,2015,2749.55137054338
484,Mexico,2015,10021.2386118827
470,Malta,2015,25481.8977555627
480,Mauritius,2015,9507.87133656424
558,Nicaragua,2015,2074.45446460028
528,The Netherlands,2015,45793.8135434697
578,Norway,2015,74809.9658049898
554,New Zealand,2015,38639.3501941427
591,Panama,2015,14082.6548502728
608,Philippines,2015,2909.85818014474
616,Poland,2015,12637.5220324406
630,Puerto Rico,2015,29763.4883013861
620,Portugal,2015,19215.7813014347
600,Paraguay,2015,5879.33792308671
634,Qatar,2015,68985.2946961507
642,Romania,2015,8977.01748158196
702,Singapore,2015,55645.6068614606
688,Serbia,2015,5820.3215576888
703,Slovakia,2015,16442.0760860018
705,Slovenia,2015,20697.2748530619
752,Sweden,2015,51197.9529341175
764,Thailand,2015,5688.85335397884
792,Türkiye,2015,11049.9951100942
800,Uganda,2015,862.934610355811
858,Uruguay,2015,17125.9016800298
840,USA,2015,57040.2082136605
860,Uzbekistan,2015,2803.19018021751
710,South Africa,2015,6112.27382485974
32,Argentina,2016,12699.9623137756
51,Armenia,2016,3524.42476874707
36,Australia,2016,49888.0410842736
40,Austria,2016,45061.4993920192
56,Belgium,2016,41854.5498296444
48,Bahrain,2016,23800.001440631
112,Belarus,2016,5039.77560949445
84,Belize,2016,6142.49873185177
76,Brazil,2016,8836.28652636996
124,Canada,2016,42314.0615817218
756,Switzerland,2016,82153.0745447889
152,Chile,2016,13649.8520455553
156,China,2016,8094.39016735149
170,Colombia,2016,5959.84250367574
188,Costa Rica,2016,12091.0301606154
192,Cuba,2016,8110.55873961397
196,Cyprus,2016,24715.154296875
203,Czechia,2016,18753.9686718096
276,Germany,2016,42961.0356905775
208,Denmark,2016,54500.9260410217
218,Ecuador,2016,5917.63771271481
724,Spain,2016,26740.6851818829
233,Estonia,2016,18666.3736521706
246,Finland,2016,43451.2562442158
250,France (metropolitan),2016,37024.2157133669
826,United Kingdom,2016,40985.2351382417
268,Georgia,2016,4143.40125686315
300,Greece,2016,17919.2426377048
320,Guatemala,2016,4060.13755621218
328,Guyana,2016,5870.87823759835
191,Croatia,2016,12821.1738140304
348,Hungary,2016,13104.6995457458
356,India,2016,1707.50892912243
372,Ireland,2016,64292.659966313
352,Iceland,2016,61987.9263620283
376,Israel,2016,37556.6272863143
380,Italy,2016,31126.3246947273
392,Japan,2016,39375.4731620781
417,Kyrgyzstan,2016,1103.27498361324
410,South Korea,2016,29280.4403170048
414,Kuwait,2016,27323.6890643847
440,Lithuania,2016,14981.6208126311
442,Luxembourg,2016,106899.293549552
428,Latvia,2016,13838.5266823272
498,Moldova,2016,2847.08794770479
484,Mexico,2016,9097.92397674769
470,Malta,2016,26409.6285858968
480,Mauritius,2016,9965.72531085228
558,Nicaragua,2016,2131.68828465802
528,The Netherlands,2016,46808.5291492503
578,Norway,2016,70867.3609970749
554,New Zealand,2016,40070.8956577431
591,Panama,2016,14832.3611608191
608,Philippines,2016,2985.19564020101
616,Poland,2016,12464.0110508476
630,Puerto Rico,2016,30627.1634017011
620,Portugal,2016,19980.2808866516
600,Paraguay,2016,5775.1596339946
634,Qatar,2016,61253.6375482797
642,Romania,2016,9404.54005870715
702,Singapore,2016,56899.9181805173
688,Serbia,2016,5982.37030126471
703,Slovakia,2016,16636.0769133073
705,Slovenia,2016,21447.8377796036
752,Sweden,2016,51820.3972482676
764,Thailand,2016,5833.57715617098
792,Türkiye,2016,10970.0458948862
800,Uganda,2016,752.696571725656
858,Uruguay,2016,17009.7586944503
840,USA,2016,58206.6141931844
860,Uzbekistan,2016,2753.37951427589
710,South Africa,2016,5651.20585165749
32,Argentina,2017,14532.5009308511
51,Armenia,2017,3869.05373867752
36,Australia,2017,53901.7145392154
40,Austria,2017,47163.7425775142
56,Belgium,2017,44035.3239358548
48,Bahrain,2017,24784.7693514607
112,Belarus,2017,5785.53397723676
84,Belize,2017,6072.58267640581
76,Brazil,2017,10080.5092817775
124,Canada,2017,45129.628116623
756,Switzerland,2017,82254.3769269767
152,Chile,2017,14879.9086230423
156,China,2017,8817.04560829162
170,Colombia,2017,6479.53231292429
188,Costa Rica,2017,12317.0902771304
192,Cuba,2017,8610.60829531998
196,Cyprus,2017,26696.990234375
203,Czechia,2017,20913.197632212
276,Germany,2017,45526.5999576533
208,Denmark,2017,57521.5514992225
218,Ecuador,2017,6233.32244797718
724,Spain,2017,28367.9392609439
233,Estonia,2017,20851.5223496861
246,Finland,2017,46085.0174739036
250,France (metropolitan),2017,38687.1626407164
826,United Kingdom,2017,40572.1214823783
268,Georgia,2017,4418.75206546679
300,Greece,2017,18631.9930129293
320,Guatemala,2017,4324.99607911366
328,Guyana,2017,6178.6650437298
191,Croatia,2017,13902.6310485422
348,Hungary,2017,14621.2395956755
356,India,2017,1950.10468280866
372,Ireland,2017,72499.3268743015
352,Iceland,2017,72010.1490316258
376,Israel,2017,40997.9110240274
380,Italy,2017,32554.14668453
392,Japan,2017,38834.0529341227
417,Kyrgyzstan,2017,1221.39056490366
410,South Korea,2017,31600.7358741365
414,Kuwait,2017,29047.6535822842
440,Lithuania,2017,16884.7100319318
442,Luxembourg,2017,110193.213797228
428,Latvia,2017,15132.4958333982
498,Moldova,2017,3453.26727720294
484,Mexico,2017,9649.27816772402
470,Malta,2017,30259.3952629768
480,Mauritius,2017,10841.6847754844
558,Nicaragua,2017,2182.61875100395
528,The Netherlands,2017,49513.6817346384
578,Norway,2017,76131.8384032764
554,New Zealand,2017,42913.186956185
591,Panama,2017,15694.6297454295
608,Philippines,2017,3038.12124955619
616,Poland,2017,13913.3402919927
630,Puerto Rico,2017,31108.7527508912
620,Portugal,2017,21442.3842768879
600,Paraguay,2017,6152.26711537703
634,Qatar,2017,63279.8556949332
642,Romania,2017,10727.9822007426
702,Singapore,2017,61162.0973932771
688,Serbia,2017,6548.03653824187
703,Slovakia,2017,17645.5298716761
705,Slovenia,2017,23303.077705959
752,Sweden,2017,53300.8587281785
764,Thailand,2017,6413.09182530343
792,Türkiye,2017,10695.550196231
800,Uganda,2017,765.218332297361
858,Uruguay,2017,19184.6626659717
840,USA,2017,60322.2614241747
860,Uzbekistan,2017,2190.60411562888
710,South Africa,2017,6618.33508255701
32,Argentina,2018,11752.7998922979
51,Armenia,2018,4196.00562301769
36,Australia,2018,57196.4220783778
40,Austria,2018,51194.0749841299
56,Belgium,2018,47487.2100392561
48,Bahrain,2018,26324.4066549559
112,Belarus,2018,6360.05310087258
84,Belize,2018,6031.28139580144
76,Brazil,2018,9300.66164936497
124,Canada,2018,46539.1761570405
756,Switzerland,2018,85217.3691512274
152,Chile,2018,15659.4808675628
156,China,2018,9905.40638304527
170,Colombia,2018,6816.96818309544
188,Costa Rica,2018,12590.2493781614
192,Cuba,2018,8911.46205964193
196,Cyprus,2018,29599.986328125
203,Czechia,2018,23705.9329811299
276,Germany,2018,48874.8595028454
208,Denmark,2018,61324.7665045565
218,Ecuador,2018,6303.91892523596
724,Spain,2018,30592.1264795541
233,Estonia,2018,23618.1361254581
246,Finland,2018,49654.2497035329
250,France (metropolitan),2018,41418.1766484844
826,United Kingdom,2018,43203.8141057739
268,Georgia,2018,4804.0546040444
300,Greece,2018,19873.4015238771
320,Guatemala,2018,4352.94651790253
328,Guyana,2018,6048.38697180418
191,Croatia,2018,15460.4183295843
348,Hungary,2018,16425.2050299693
356,India,2018,1966.25455171679
372,Ireland,2018,81248.3135388
352,Iceland,2018,74452.1890731447
376,Israel,2018,42233.2610344935
380,Italy,2018,34746.3441392416
392,Japan,2018,39751.1330982711
417,Kyrgyzstan,2018,1283.52040333083
410,South Korea,2018,33447.1562836166
414,Kuwait,2018,32067.9623689512
440,Lithuania,2018,19368.5391045353
442,Luxembourg,2018,116786.511654677
428,Latvia,2018,17252.1710428626
498,Moldova,2018,4156.44981956646
484,Mexico,2018,10084.7937562021
470,Malta,2018,33332.1905601302
480,Mauritius,2018,11643.4605962124
558,Nicaragua,2018,2035.16750115975
528,The Netherlands,2018,53955.0770024266
578,Norway,2018,82792.8427113304
554,New Zealand,2018,43228.6976473771
591,Panama,2018,16151.3273478476
608,Philippines,2018,3168.51036606257
616,Poland,2018,15658.2120316794
630,Puerto Rico,2018,31615.0667918433
620,Portugal,2018,23541.1401075289
600,Paraguay,2018,6258.44991640954
634,Qatar,2018,71039.8490579352
642,Romania,2018,12502.2624061935
702,Singapore,2018,66840.6373389791
688,Serbia,2018,7559.86165747394
703,Slovakia,2018,19573.3717031314
705,Slovenia,2018,25888.0481065655
752,Sweden,2018,54181.9069780904
764,Thailand,2018,7099.77650081458
792,Türkiye,2018,9568.83506330228
800,Uganda,2018,792.16570022814
858,Uruguay,2018,19249.9401532664
840,USA,2018,63201.0458483771
860,Uzbekistan,2018,1813.08530813664
710,South Africa,2018,6914.1780318076
32,Argentina,2019,9955.97478680428
51,Armenia,2019,4597.22887399548
36,Australia,2019,54972.7017885437
40,Austria,2019,49885.9947355204
56,Belgium,2019,46716.6227467964
48,Bahrain,2019,27259.7438599327
112,Belarus,2019,6837.76832136779
84,Belize,2019,6190.04792278445
76,Brazil,2019,9029.83326742175
124,Canada,2019,46352.8693445211
756,Switzerland,2019,84121.9310304414
152,Chile,2019,14495.716721687
156,China,2019,10143.8602206165
170,Colombia,2019,6472.54544924705
188,Costa Rica,2019,12884.6859951989
192,Cuba,2019,9232.26115935183
196,Cyprus,2019,29703.052734375
203,Czechia,2019,24062.7190013343
276,Germany,2019,47623.8656074829
208,Denmark,2019,59404.2663247723
218,Ecuador,2019,6205.05759479761
724,Spain,2019,29776.2011500384
233,Estonia,2019,24021.2501413306
246,Finland,2019,48358.1807773701
250,France (metropolitan),2019,40408.2848574751
826,United Kingdom,2019,42662.5353740311
268,Georgia,2019,4741.2832715876
300,Greece,2019,19335.3602002969
320,Guatemala,2019,4511.99755157656
328,Guyana,2019,6405.82443444562
191,Croatia,2019,15563.8167397199
348,Hungary,2019,16786.2136399075
356,India,2019,2041.42863698585
372,Ireland,2019,82508.4659883582
352,Iceland,2019,68452.23622306
376,Israel,2019,44140.8289372511
380,Italy,2019,33812.788724868
392,Japan,2019,40415.9567649547
417,Kyrgyzstan,2019,1421.99927504102
410,South Korea,2019,31902.4169048194
414,Kuwait,2019,31707.8737464917
440,Lithuania,2019,19727.7607453736
442,Luxembourg,2019,112726.439672814
428,Latvia,2019,17294.9751600969
498,Moldova,2019,4405.33418162155
484,Mexico,2019,10369.5553568761
470,Malta,2019,32412.2697818499
480,Mauritius,2019,11403.2527870674
558,Nicaragua,2019,1958.62132892996
528,The Netherlands,2019,53554.9007491475
578,Norway,2019,76430.5889473338
554,New Zealand,2019,42747.2099299966
591,Panama,2019,16477.9066285687
608,Philippines,2019,3400.78949772302
616,Poland,2019,15874.5220531254
630,Puerto Rico,2019,32916.866800639
620,Portugal,2019,23343.3628970034
600,Paraguay,2019,5821.18199548637
634,Qatar,2019,66841.3013472693
642,Romania,2019,12992.0326104674
702,Singapore,2019,66081.7199235165
688,Serbia,2019,7755.632986437
703,Slovakia,2019,19406.0589683582
705,Slovenia,2019,25814.1687167572
752,Sweden,2019,51773.0464558993
764,Thailand,2019,7605.69657797759
792,Türkiye,2019,9215.44049888114
800,Uganda,2019,822.057058189153
858,Uruguay,2019,18315.7352857194
840,USA,2019,65604.6815198734
860,Uzbekistan,2019,2041.38480729431
710,South Africa,2019,6533.71121032856
32,Argentina,2020,8535.59938004389
51,Armenia,2020,4268.68093304583
36,Australia,2020,51791.540179984
40,Austria,2020,48716.4098900349
56,Belgium,2020,45906.2875805246
48,Bahrain,2020,24342.8444554718
112,Belarus,2020,6542.8645398436
84,Belize,2020,5227.19363786168
76,Brazil,2020,7074.19378281866
124,Canada,2020,43537.839298904
756,Switzerland,2020,85897.7843338323
152,Chile,2020,13114.815470545
156,China,2020,10408.7195541075
170,Colombia,2020,5339.68711357943
188,Costa Rica,2020,12394.0493969492
192,Cuba,2020,9605.26125067263
196,Cyprus,2020,28649.015625
203,Czechia,2020,23472.8915454417
276,Germany,2020,47379.765194548
208,Denmark,2020,60985.4885601514
218,Ecuador,2020,5463.64509649315
724,Spain,2020,27230.3599933583
233,Estonia,2020,23933.9939421065
246,Finland,2020,48828.6846862799
250,France (metropolitan),2020,39169.8606000707
826,United Kingdom,2020,40201.6812422928
268,Georgia,2020,4300.85701291207
300,Greece,2020,17886.733165236
320,Guatemala,2020,4477.61761796418
328,Guyana,2020,6775.70939096303
191,Croatia,2020,14808.4620188819
348,Hungary,2020,16131.9540355923
356,India,2020,1907.04251637669
372,Ireland,2020,87567.1148972037
352,Iceland,2020,59023.5663465778
376,Israel,2020,44679.7715799755
380,Italy,2020,32091.4866621366
392,Japan,2020,40040.7655055923
417,Kyrgyzstan,2020,1229.51775742135
410,South Korea,2020,31721.2989141857
414,Kuwait,2020,25236.0755520534
440,Lithuania,2020,20541.824988603
442,Luxembourg,2020,116905.370396853
428,Latvia,2020,17564.2321549354
498,Moldova,2020,4375.7788930524
484,Mexico,2020,8841.27075003163
470,Malta,2020,31796.8213417258
480,Mauritius,2020,9011.04288445023
558,Nicaragua,2020,1931.61515811642
528,The Netherlands,2020,53467.9277413737
578,Norway,2020,68340.0181033702
554,New Zealand,2020,41785.6922905898
591,Panama,2020,13290.5608347594
608,Philippines,2020,3227.57910235199
616,Poland,2020,15987.5753654045
630,Puerto Rico,2020,31427.4291136799
620,Portugal,2020,22299.4044062173
600,Paraguay,2020,5365.47220721191
634,Qatar,2020,51683.5054353851
642,Romania,2020,13082.3006559554
702,Singapore,2020,61466.803676358
688,Serbia,2020,8098.70955668849
703,Slovakia,2020,19735.4858280801
705,Slovenia,2020,25392.0651093612
752,Sweden,2020,52653.7565934247
764,Thailand,2020,6985.64393892574
792,Türkiye,2020,8638.73903848102
800,Uganda,2020,845.766463890124
858,Uruguay,2020,15789.6857422214
840,USA,2020,64411.3731779373
860,Uzbekistan,2020,1978.28051860763
710,South Africa,2020,5580.60383075189
32,Argentina,2021,10738.0179223384
51,Armenia,2021,4685.17997128509
36,Australia,2021,60607.7788605166
40,Austria,2021,53648.7190742245
56,Belgium,2021,51655.7883303715
48,Bahrain,2021,27147.8083882286
112,Belarus,2021,7489.71894713888
84,Belize,2021,6122.61158580079
76,Brazil,2021,7972.53665048385
124,Canada,2021,52496.8441693242
756,Switzerland,2021,93446.4344518943
152,Chile,2021,16216.5706467899
156,China,2021,12617.5051041181
170,Colombia,2021,6222.62164397614
188,Costa Rica,2021,12838.1185358931
196,Cyprus,2021,33734.29296875
203,Czechia,2021,27696.4619527544
276,Germany,2021,52265.6541620571
208,Denmark,2021,69727.9873677012
218,Ecuador,2021,6075.8026572556
724,Spain,2021,30817.6828559001
233,Estonia,2021,27953.7670230126
246,Finland,2021,53099.1351400148
250,France (metropolitan),2021,43725.0999521245
826,United Kingdom,2021,46896.8662432834
268,Georgia,2021,5083.60695484577
300,Greece,2021,20654.7001960815
320,Guatemala,2021,4913.94712869347
328,Guyana,2021,9860.87233445443
191,Croatia,2021,17789.9304736722
348,Hungary,2021,18755.1023464312
356,India,2021,2239.61384367482
372,Ireland,2021,105561.137468992
352,Iceland,2021,69325.9078287926
376,Israel,2021,52255.6159050999
380,Italy,2021,36852.5425414951
392,Japan,2021,40058.5373276179
417,Kyrgyzstan,2021,1349.99730650542
410,South Korea,2021,35125.5224984723
414,Kuwait,2021,34043.542153557
440,Lithuania,2021,23934.728489916
442,Luxembourg,2021,133711.794435985
428,Latvia,2021,20262.8433862451
498,Moldova,2021,5274.60582195352
484,Mexico,2021,10314.0506741437
470,Malta,2021,38027.3801730893
480,Mauritius,2021,9068.97300226707
558,Nicaragua,2021,2128.60980633198
528,The Netherlands,2021,60141.9880911492
578,Norway,2021,93072.8925119571
554,New Zealand,2021,49624.1816729553
591,Panama,2021,15509.8069109784
608,Philippines,2021,3484.38593882819
616,Poland,2021,18635.5104895754
630,Puerto Rico,2021,32619.250416757
620,Portugal,2021,24711.4510062111
600,Paraguay,2021,5976.9317978996
634,Qatar,2021,71751.8831234838
642,Romania,2021,14986.7854904274
702,Singapore,2021,79601.4129622433
688,Serbia,2021,9680.52798074468
703,Slovakia,2021,22138.1949833348
705,Slovenia,2021,29187.369382785
752,Sweden,2021,61174.9680215622
764,Thailand,2021,7058.0694998852
792,Türkiye,2021,9743.21277804855
800,Uganda,2021,882.791717542504
858,Uruguay,2021,17888.211510172
840,USA,2021,71318.3073592183
860,Uzbekistan,2021,2258.51964119278
710,South Africa,2021,6843.39941886204
32,Argentina,2022,13935.6811110049
51,Armenia,2022,6571.97445545099
36,Australia,2022,64997.0136536475
40,Austria,2022,52176.6649141178
56,Belgium,2022,50807.2047084918
48,Bahrain,2022,30616.2610677495
112,Belarus,2022,7994.64806074889
84,Belize,2022,7068.45478269722
76,Brazil,2022,9281.33334441234
124,Canada,2022,55509.393176404
756,Switzerland,2022,93245.7952120851
152,Chile,2022,15451.1319576678
156,China,2022,12662.5826712038
170,Colombia,2022,6674.59601948063
188,Costa Rica,2022,13625.9008491328
196,Cyprus,2022,33938.9453125
203,Czechia,2022,28282.2236715857
276,Germany,2022,49686.1154582583
208,Denmark,2022,68091.3191138669
218,Ecuador,2022,6540.99824522101
724,Spain,2022,30287.3657583614
233,Estonia,2022,28451.1477825175
246,Finland,2022,50438.4753952355
250,France (metropolitan),2022,41082.8119320747
826,United Kingdom,2022,45935.9276473925
268,Georgia,2022,6729.84659930283
300,Greece,2022,20971.8349258283
320,Guatemala,2022,5358.08963795
328,Guyana,2022,17913.4910146288
191,Croatia,2022,18466.0955472648
348,Hungary,2022,18353.298364905
356,India,2022,2352.61392452078
372,Ireland,2022,106194.755859223
352,Iceland,2022,75314.085560994
376,Israel,2022,54930.7261602593
380,Italy,2022,35635.7442204098
392,Japan,2022,34017.2718075024
417,Kyrgyzstan,2022,1739.72030814894
410,South Korea,2022,32394.6833725203
414,Kuwait,2022,40077.238047746
440,Lithuania,2022,25085.784063499
442,Luxembourg,2022,125006.021815486
428,Latvia,2022,20229.4613617326
498,Moldova,2022,5738.42473515618
484,Mexico,2022,11385.4070757929
470,Malta,2022,36142.2058531852
480,Mauritius,2022,10239.7970461095
558,Nicaragua,2022,2325.16737851871
528,The Netherlands,2022,59123.318556487
578,Norway,2022,108798.451165901
554,New Zealand,2022,48216.5095836302
591,Panama,2022,17332.4360742988
608,Philippines,2022,3548.06930572116
616,Poland,2022,18891.2121169279
630,Puerto Rico,2022,35268.0791015719
620,Portugal,2022,24620.519556875
600,Paraguay,2022,6205.62595379319
634,Qatar,2022,88701.463350036
642,Romania,2022,15557.8826247584
702,Singapore,2022,88428.7024226232
688,Serbia,2022,10022.9688543402
703,Slovakia,2022,21342.7666714692
705,Slovenia,2022,28373.8382265999
752,Sweden,2022,55296.9371472535
764,Thailand,2022,6909.35997481451
792,Türkiye,2022,10674.504157865
800,Uganda,2022,963.067314117178
858,Uruguay,2022,20691.9738991763
840,USA,2022,78035.1753604212
860,Uzbekistan,2022,2578.66689394219
710,South Africa,2022,6523.41097815853
32,Argentina,2023,14187.4827252965
51,Armenia,2023,8053.01066312345
36,Australia,2023,64820.9117890026
40,Austria,2023,56033.573792065
56,Belgium,2023,54700.9093236712
48,Bahrain,2023,29218.8605634137
112,Belarus,2023,7829.05313660622
84,Belize,2023,7459.99815132837
76,Brazil,2023,10294.866680778
124,Canada,2023,53431.1857063879
756,Switzerland,2023,99564.710026145
152,Chile,2023,17067.8136150601
156,China,2023,12614.0617416421
170,Colombia,2023,6947.35928681966
188,Costa Rica,2023,16942.0268119375
196,Cyprus,2023,36551.41796875
203,Czechia,2023,31591.1770732969
276,Germany,2023,54343.2265084958
208,Denmark,2023,68453.8769281145
218,Ecuador,2023,6609.80408154957
724,Spain,2023,33509.0127982139
233,Estonia,2023,30133.304450454
246,Finland,2023,52925.6897638424
250,France (metropolitan),2023,44690.9345395117
826,United Kingdom,2023,49463.8554617343
268,Georgia,2023,8283.66960242964
300,Greece,2023,23400.7278817691
320,Guatemala,2023,5762.82174615918
328,Guyana,2023,20765.3503593109
191,Croatia,2023,21865.4562838641
348,Hungary,2023,22141.8669799276
356,India,2023,2480.79208721621
372,Ireland,2023,103887.800388081
352,Iceland,2023,79636.9548578508
376,Israel,2023,52642.4267486308
380,Italy,2023,39003.3160954123
392,Japan,2023,33766.5268253808
417,Kyrgyzstan,2023,1970.15780961839
410,South Korea,2023,33121.3712885508
414,Kuwait,2023,33729.7985494456
440,Lithuania,2023,27786.0057829276
442,Luxembourg,2023,128678.189942826
428,Latvia,2023,22502.8429938094
498,Moldova,2023,6729.41286813969
484,Mexico,2023,13790.0243428344
470,Malta,2023,40395.7692064458
480,Mauritius,2023,11613.0441587588
558,Nicaragua,2023,2612.87066241288
528,The Netherlands,2023,64572.0059558854
578,Norway,2023,87925.0944188399
554,New Zealand,2023,48280.8114166238
591,Panama,2023,18686.4050961265
608,Philippines,2023,3804.8725797521
616,Poland,2023,22056.6661704127
630,Puerto Rico,2023,36779.0594913858
620,Portugal,2023,27331.2094945255
600,Paraguay,2023,6276.35113919957
634,Qatar,2023,80195.874646942
642,Romania,2023,18404.2730871704
702,Singapore,2023,84734.2559206054
688,Serbia,2023,12281.5058488303
703,Slovakia,2023,24491.3771867262
705,Slovenia,2023,32610.110922729
752,Sweden,2023,55516.836477474
764,Thailand,2023,7182.02525812415
792,Türkiye,2023,13105.6585678319
800,Uganda,2023,1002.30913917142
858,Uruguay,2023,22797.8111731861
840,USA,2023,82769.4122114216
860,Uzbekistan,2023,2849.51461071911
710,South Africa,2023,6022.5425418935
